,CustomerIDs
0,0018c6aa-ab6c-11e9-a2fc-000d3a38a36f
1,0022f41e-5597-11eb-9e65-000d3a38a36f
2,00414e84-adc6-11e9-a2fc-000d3a38a36f
3,007cdfe4-1f54-11ea-87bf-000d3a38a36f
4,00a5009a-2558-11eb-a59b-000d3a38a36f
5,00c2168c-a875-11e9-a2fc-000d3a38a36f
6,00d2268e-5b36-11ea-8ca6-000d3a38a36f
7,00f6c98e-abb5-11e9-a2fc-000d3a38a36f
8,00fb8870-d676-11e9-93bc-000d3a38a36f
9,01024718-52fa-11ea-9ade-000d3a38a36f
10,01025f80-1193-11ea-846f-000d3a38a36f
11,013a12e0-606c-11ea-8dd8-000d3a38a36f
12,0179158a-aac8-11e9-a2fc-000d3a38a36f
13,01794f62-b08d-11e9-9757-000d3a38a36f
14,017bd900-a97e-11e9-a2fc-000d3a38a36f
15,017d86e2-5599-11eb-9e65-000d3a38a36f
16,017eb67c-12c2-11ea-a001-000d3a38a36f
17,01defd1e-a582-11e9-a2fc-000d3a38a36f
18,0242b9e6-9d88-11e9-9897-000d3a38a36f
19,02539196-2bde-11ea-91ab-000d3a38a36f
20,02ae2d70-53e0-11ea-94d4-000d3a38a36f
21,02afb6c6-aa95-11e9-a2fc-000d3a38a36f
22,02c1681e-d6e9-11e9-93bc-000d3a38a36f
23,02c605a4-993f-11ea-b97a-000d3a38a36f
24,02d44576-a596-11e9-a2fc-000d3a38a36f
25,02f66fc4-52f8-11ea-9ade-000d3a38a36f
26,0300717c-279c-11ea-aaaa-000d3a38a36f
27,0319b040-5b0b-11ea-8c5d-000d3a38a36f
28,033b544e-1631-11ea-aa74-000d3a38a36f
29,034a8960-c855-11ea-8ddc-000d3a38a36f
30,03649f78-6ace-11eb-b5d7-000d3a38a36f
31,0376d722-1153-11ea-8872-000d3a38a36f
32,037ad554-25ba-11ea-b1c8-000d3a38a36f
33,03ba116e-5bc6-11ea-899b-000d3a38a36f
34,03be6bb2-1f60-11ea-87bf-000d3a38a36f
35,0410c642-46ba-11ea-b6c0-000d3a38a36f
36,041ef330-1d3d-11ea-a490-000d3a38a36f
37,04326562-568c-11eb-9e65-000d3a38a36f
38,048bbbe4-1cfe-11ea-a490-000d3a38a36f
39,04a55a82-5b05-11ea-8002-000d3a38a36f
40,04cd5a8e-41d6-11ea-96d9-000d3a38a36f
41,04f517b0-a4e5-11e9-a2fc-000d3a38a36f
42,04f94ad2-49e1-11ea-8a4f-000d3a38a36f
43,0515c070-9e6c-11e9-9897-000d3a38a36f
44,05396bb6-a456-11e9-a2fc-000d3a38a36f
45,054864c8-569d-11ea-b9b9-000d3a38a36f
46,055b5810-2dd6-11eb-8062-000d3a299ebf
47,055f4316-ab32-11ea-b736-000d3a38a36f
48,056e803c-a378-11e9-a2fc-000d3a38a36f
49,0574ac66-3c96-11ea-b550-000d3a38a36f
50,05769e24-de11-11e9-957d-000d3a38a36f
51,05acf494-43ae-11ea-8b43-000d3a38a36f
52,05c832ee-63b2-11ea-a6dc-000d3a38a36f
53,05ca4e72-d68f-11e9-93bc-000d3a38a36f
54,05d82298-9b58-11ea-a27a-000d3a38a36f
55,05dec304-17ba-11ea-9213-000d3a38a36f
56,05ff5f30-a256-11e9-a2fc-000d3a38a36f
57,062e21a4-9dc8-11e9-9897-000d3a38a36f
58,06548210-bd28-11ea-aa61-000d3a38a36f
59,068dff1e-a55e-11e9-a2fc-000d3a38a36f
60,069d397a-a9aa-11e9-a2fc-000d3a38a36f
61,06a2ecd8-6e3b-11eb-99c4-000d3a38a36f
62,06ad2530-ae0b-11eb-8f64-000d3a299ebf
63,06cd8bae-9ebd-11e9-9897-000d3a38a36f
64,06f1956c-aeda-11e9-a2fc-000d3a38a36f
65,070ab93e-ee13-11e9-9346-000d3a38a36f
66,07200298-418d-11eb-806e-000d3a38a36f
67,0747952e-af62-11e9-a2fc-000d3a38a36f
68,0768a930-ad46-11e9-a2fc-000d3a38a36f
69,076dbc0c-f35c-11e9-9346-000d3a38a36f
70,079f310c-d6e6-11e9-93bc-000d3a38a36f
71,07a22e7c-5bd2-11ea-8c6f-000d3a38a36f
72,07c32ff6-f272-11e9-9346-000d3a38a36f
73,07cf1f72-ace1-11e9-a2fc-000d3a38a36f
74,080f81a8-d7d3-11e9-93bc-000d3a38a36f
75,081002e8-f26a-11e9-9346-000d3a38a36f
76,084075da-a42d-11e9-a2fc-000d3a38a36f
77,084ad668-5bae-11ea-9e58-000d3a38a36f
78,0853be12-7e5f-11ea-80af-000d3a38a36f
79,087daaba-7189-11eb-a3e2-000d3a38a36f
80,08828c30-4bc2-11ea-a626-000d3a38a36f
81,08f9f69c-a1fb-11e9-a2fc-000d3a38a36f
82,08fb032a-1208-11ea-916f-000d3a38a36f
83,0904db6a-8504-11ea-80af-000d3a38a36f
84,090d6e42-9da6-11e9-9897-000d3a38a36f
85,091f02ce-aeea-11e9-a2fc-000d3a38a36f
86,0950a7f6-ab9e-11e9-a2fc-000d3a38a36f
87,0961104a-aa55-11e9-a2fc-000d3a38a36f
88,096a6e88-5f63-11ea-be5b-000d3a38a36f
89,0974a468-42fb-11ea-8b43-000d3a38a36f
90,098ab6d8-a272-11e9-a2fc-000d3a38a36f
91,09f05e5c-8416-11eb-b62d-000d3a38a36f
92,09f7a470-5bed-11ea-bdcb-000d3a38a36f
93,0a4bd6a2-acad-11e9-a2fc-000d3a38a36f
94,0a4e6440-a9dc-11e9-a2fc-000d3a38a36f
95,0a7329f8-a110-11e9-a2fc-000d3a38a36f
96,0ac4bd5c-0d54-11eb-8ffc-000d3a38a36f
97,0aeebb24-67af-11eb-b5d7-000d3a38a36f
98,0b0b58b6-acbb-11e9-a2fc-000d3a38a36f
99,0b195256-aab1-11e9-a2fc-000d3a38a36f
100,0b640f60-1c87-11ea-a490-000d3a38a36f
101,0b67c74c-2b76-11ea-9d27-000d3a38a36f
102,0b69b974-e487-11ea-b769-000d3a38a36f
103,0b89590e-9db7-11e9-9897-000d3a38a36f
104,0bd7f67e-ede6-11ea-bb5a-000d3a38a36f
105,0bf5efee-b00c-11e9-9757-000d3a38a36f
106,0c0f59b8-afb5-11e9-9757-000d3a38a36f
107,0c16314e-a870-11e9-a2fc-000d3a38a36f
108,0c24fc44-2ac8-11ea-9d27-000d3a38a36f
109,0c3b4492-9e08-11e9-9897-000d3a38a36f
110,0c5bf524-a7c3-11e9-a2fc-000d3a38a36f
111,0ca16b6c-5b06-11ea-8392-000d3a38a36f
112,0caf637a-0c9a-11eb-8ffc-000d3a38a36f
113,0cb4b7ca-2cee-11eb-ac5f-000d3a299ebf
114,0cea49f8-5f02-11eb-8dbd-000d3a38a36f
115,0d022188-b15f-11e9-89fa-000d3a38a36f
116,0d0bea06-5bcd-11ea-a825-000d3a38a36f
117,0d371530-ac11-11e9-a2fc-000d3a38a36f
118,0d5265a8-24cd-11ea-bf27-000d3a38a36f
119,0d563bf6-ab38-11e9-a2fc-000d3a38a36f
120,0d5973ba-d702-11ea-82f4-000d3a38a36f
121,0d7953ac-5b96-11ea-8cf2-000d3a38a36f
122,0d8cdef2-89dc-11eb-bf0a-000d3a38a36f
123,0d9a4224-ab65-11e9-a2fc-000d3a38a36f
124,0da31b56-5e7f-11ea-be5b-000d3a38a36f
125,0dbae108-541d-11ea-b1db-000d3a38a36f
126,0e026246-ae21-11e9-a2fc-000d3a38a36f
127,0e0edc56-1a2d-11ea-941b-000d3a38a36f
128,0e36027e-66d3-11eb-975c-000d3a38a36f
129,0e39aff0-461d-11ea-b6c0-000d3a38a36f
130,0e44b5fc-aa24-11e9-a2fc-000d3a38a36f
131,0e5836c2-d69d-11e9-93bc-000d3a38a36f
132,0e6693d6-a99b-11e9-a2fc-000d3a38a36f
133,0ebe5f68-b089-11e9-9757-000d3a38a36f
134,0ece152a-af9e-11e9-a2fc-000d3a38a36f
135,0f050bfc-8c9d-11ea-8f41-000d3a38a36f
136,0f37c9fc-26c6-11eb-8a9b-000d3a38a36f
137,0f5c2fc4-1d3d-11ea-a490-000d3a38a36f
138,0f61b526-a9ce-11e9-a2fc-000d3a38a36f
139,0f63f6c0-a1bc-11e9-a2fc-000d3a38a36f
140,0f71c798-7126-11ea-adca-000d3a38a36f
141,0f8238de-98d7-11ea-b97a-000d3a38a36f
142,0fa08c24-30dd-11ea-b162-000d3a38a36f
143,0fc05b14-1cfe-11ea-a490-000d3a38a36f
144,0fd279be-a5be-11e9-a2fc-000d3a38a36f
145,0fe01206-1e66-11ea-aa32-000d3a38a36f
146,0ffb7b68-4279-11ea-8b43-000d3a38a36f
147,0ffdf370-d94c-11e9-93bc-000d3a38a36f
148,102de58e-51c0-11ea-a243-000d3a38a36f
149,1031f39c-5baf-11ea-a0d1-000d3a38a36f
150,10559dec-1956-11ea-b6a2-000d3a38a36f
151,105c5046-61d2-11ea-8dd8-000d3a38a36f
152,105f3fd8-b0b7-11eb-bbf8-000d3a38a36f
153,108d129c-d660-11e9-93bc-000d3a38a36f
154,109e9e58-fd58-11e9-a5e8-000d3a38a36f
155,10af76ca-a3a7-11e9-a2fc-000d3a38a36f
156,111db0b6-afc0-11e9-9757-000d3a38a36f
157,112f8162-a7e4-11e9-a2fc-000d3a38a36f
158,11419eb0-2c5f-11ea-b752-000d3a38a36f
159,1152fa5c-a915-11e9-a2fc-000d3a38a36f
160,115dca02-ad59-11e9-a2fc-000d3a38a36f
161,115f855a-5bdb-11ea-8e16-000d3a38a36f
162,1174bb82-3fce-11eb-806e-000d3a38a36f
163,117ad356-edf3-11e9-9346-000d3a38a36f
164,118de2aa-a0bb-11e9-a2fc-000d3a38a36f
165,118fbb68-5b49-11ea-95ae-000d3a38a36f
166,119ca220-5b2f-11ea-b040-000d3a38a36f
167,11a4e650-ad39-11e9-a2fc-000d3a38a36f
168,11e2bdae-533d-11ea-acd3-000d3a38a36f
169,11eef700-e1ef-11e9-957d-000d3a38a36f
170,11fb8f1e-9e25-11e9-9897-000d3a38a36f
171,1206f3f2-ace6-11e9-a2fc-000d3a38a36f
172,122df0a8-4b53-11eb-806e-000d3a38a36f
173,1246b76e-4441-11eb-806e-000d3a38a36f
174,1255e3d2-a533-11e9-a2fc-000d3a38a36f
175,126a9328-aeff-11ea-b736-000d3a38a36f
176,128991b4-5316-11ea-acd3-000d3a38a36f
177,12911a0e-aa7b-11e9-a2fc-000d3a38a36f
178,1295f1ca-2124-11eb-b361-000d3a38a36f
179,12a2852e-9daa-11e9-9897-000d3a38a36f
180,12abb1e8-ab2f-11e9-a2fc-000d3a38a36f
181,12dd5428-a5b7-11e9-a2fc-000d3a38a36f
182,12f83720-256e-11ea-b1c8-000d3a38a36f
183,1307d5fc-4140-11ea-96d9-000d3a38a36f
184,131cbba8-feeb-11e9-a5e8-000d3a38a36f
185,13464424-5cbd-11eb-8dbd-000d3a38a36f
186,13485f12-abc3-11ea-b736-000d3a38a36f
187,1357b978-112f-11ea-8872-000d3a38a36f
188,135f1660-2376-11ea-8523-000d3a38a36f
189,135f95aa-45b7-11ea-a691-000d3a38a36f
190,139d60e6-1f07-11ea-81ff-000d3a38a36f
191,13a0117a-5bc9-11ea-9114-000d3a38a36f
192,13a5e98c-a824-11e9-a2fc-000d3a38a36f
193,13cc7d14-a76a-11e9-a2fc-000d3a38a36f
194,13ec02d2-a513-11e9-a2fc-000d3a38a36f
195,13ed97a4-b167-11e9-89fa-000d3a38a36f
196,13fe9852-a798-11e9-a2fc-000d3a38a36f
197,14028456-ad1c-11e9-a2fc-000d3a38a36f
198,144624b4-a302-11e9-a2fc-000d3a38a36f
199,14485136-9d8e-11e9-9897-000d3a38a36f
200,1456f408-1e7f-11ea-aa32-000d3a38a36f
201,1461b37c-5be0-11ea-a4d0-000d3a38a36f
202,146558ea-9e7d-11e9-9897-000d3a38a36f
203,147f9228-9e19-11e9-9897-000d3a38a36f
204,14c7daca-5f3c-11eb-a0da-000d3a38a36f
205,14f1c564-a486-11e9-a2fc-000d3a38a36f
206,150bd982-da49-11ea-a65b-000d3a38a36f
207,150e24d4-47dd-11ea-b6c0-000d3a38a36f
208,1517dc4e-9f73-11e9-a2fc-000d3a38a36f
209,15251272-a754-11e9-a2fc-000d3a38a36f
210,154efc40-d620-11e9-93bc-000d3a38a36f
211,157f926c-2b0a-11ea-9d27-000d3a38a36f
212,158a0ba0-ad8f-11e9-a2fc-000d3a38a36f
213,1591a4c6-6d0d-11ea-84a8-000d3a38a36f
214,15aafbda-9dcc-11e9-9897-000d3a38a36f
215,15ad2b5a-49ae-11eb-806e-000d3a38a36f
216,15b08212-46af-11ea-b6c0-000d3a38a36f
217,15b476ec-9d86-11e9-9897-000d3a38a36f
218,15d4078e-a657-11ea-bd63-000d3a38a36f
219,15e6ef20-a158-11e9-a2fc-000d3a38a36f
220,15ef5c30-618a-11ea-8dd8-000d3a38a36f
221,15f01ade-216c-11ea-9618-000d3a38a36f
222,163597c0-b16a-11e9-89fa-000d3a38a36f
223,1637d1d6-de1d-11e9-957d-000d3a38a36f
224,164d388e-a720-11e9-a2fc-000d3a38a36f
225,167e930a-da17-11e9-93bc-000d3a38a36f
226,1684eda8-d63a-11e9-93bc-000d3a38a36f
227,169a12f4-ad37-11e9-a2fc-000d3a38a36f
228,16b17a7c-b0c3-11e9-9757-000d3a38a36f
229,16d389d4-a8dd-11e9-a2fc-000d3a38a36f
230,176fe254-bbf9-11ea-9a91-000d3a38a36f
231,17739e6e-f289-11ea-9011-000d3a38a36f
232,177550b0-a3ca-11e9-a2fc-000d3a38a36f
233,1782e9fa-9ebb-11e9-9897-000d3a38a36f
234,178a35cc-b160-11e9-89fa-000d3a38a36f
235,178add48-af7a-11e9-a2fc-000d3a38a36f
236,1797e7dc-84a3-11ea-80af-000d3a38a36f
237,17b4bc5c-d6f9-11e9-93bc-000d3a38a36f
238,17bc6908-b09c-11e9-9757-000d3a38a36f
239,17dd89f0-713d-11ea-adca-000d3a38a36f
240,17e759ca-a470-11e9-a2fc-000d3a38a36f
241,1805b5ca-5b52-11ea-8770-000d3a38a36f
242,1807867e-d719-11e9-93bc-000d3a38a36f
243,18265ec8-c67e-11ea-9bc9-000d3a38a36f
244,1854e56c-491f-11eb-806e-000d3a38a36f
245,1857a5ea-5b40-11ea-80ae-000d3a38a36f
246,18786c40-f045-11ea-bde9-000d3a38a36f
247,1886236c-7408-11ea-92d0-000d3a38a36f
248,189eea8a-ac8c-11e9-a2fc-000d3a38a36f
249,18acf516-cc12-11ea-b305-000d3a38a36f
250,18bef850-5b39-11ea-b2be-000d3a38a36f
251,18c6363a-734c-11ea-92d0-000d3a38a36f
252,18d2b56e-af83-11e9-a2fc-000d3a38a36f
253,18ea868e-c4fa-11ea-98f7-000d3a38a36f
254,196edf12-ac71-11e9-a2fc-000d3a38a36f
255,1982ac0e-9f4c-11e9-9897-000d3a38a36f
256,199024ec-bfad-11ea-9c44-000d3a38a36f
257,19cf5f3a-2b3e-11ea-9d27-000d3a38a36f
258,19e194d2-4ac6-11ea-8533-000d3a38a36f
259,19f8a89e-a926-11e9-a2fc-000d3a38a36f
260,1a044750-d6ec-11e9-93bc-000d3a38a36f
261,1a23ccfc-5bc5-11ea-8b06-000d3a38a36f
262,1a26bbcc-adb2-11e9-a2fc-000d3a38a36f
263,1a499136-24d3-11ea-bf27-000d3a38a36f
264,1a52ac9a-28bf-11ea-b87a-000d3a38a36f
265,1a5c8f40-cd82-11ea-b1a6-000d3a38a36f
266,1a70bade-b13a-11e9-9757-000d3a38a36f
267,1a78f110-b01b-11e9-9757-000d3a38a36f
268,1a7da362-d885-11e9-93bc-000d3a38a36f
269,1a9b506a-aa13-11e9-a2fc-000d3a38a36f
270,1ac6cf4c-ab35-11e9-a2fc-000d3a38a36f
271,1acf7870-87af-11ea-ace9-000d3a38a36f
272,1ad652c6-9e85-11e9-9897-000d3a38a36f
273,1afc16ea-aac0-11e9-a2fc-000d3a38a36f
274,1b0397d4-23b1-11ea-8523-000d3a38a36f
275,1b234d48-ab13-11e9-a2fc-000d3a38a36f
276,1b3e3f9a-f351-11ea-b013-000d3a38a36f
277,1b43d724-aa60-11e9-a2fc-000d3a38a36f
278,1b49e556-ada3-11e9-a2fc-000d3a38a36f
279,1b4a110a-ab89-11e9-a2fc-000d3a38a36f
280,1b75ef42-484f-11ea-b6c0-000d3a38a36f
281,1ba38c82-9f1b-11e9-9897-000d3a38a36f
282,1ba79718-559b-11eb-9e65-000d3a38a36f
283,1bc8c686-7dc9-11ea-80af-000d3a38a36f
284,1bd05ae0-5b55-11ea-b021-000d3a38a36f
285,1c2afc22-ae5b-11e9-a2fc-000d3a38a36f
286,1c363d36-aab3-11e9-a2fc-000d3a38a36f
287,1c511e60-5e73-11eb-8dbd-000d3a38a36f
288,1c6bd404-6341-11ea-a6dc-000d3a38a36f
289,1c7c1e70-5a55-11eb-9e65-000d3a38a36f
290,1c7c6a1e-ddc5-11e9-a848-000d3a38a36f
291,1c86e27c-18d1-11ea-9213-000d3a38a36f
292,1c8d5fba-a8ad-11e9-a2fc-000d3a38a36f
293,1c90cee8-5c02-11eb-8dbd-000d3a38a36f
294,1c940174-bec5-11ea-958c-000d3a38a36f
295,1ca935ee-a1b9-11eb-a568-000d3a38a36f
296,1cad5fb4-d633-11e9-93bc-000d3a38a36f
297,1caf75ce-519e-11ea-a243-000d3a38a36f
298,1cb79d74-a9f8-11e9-a2fc-000d3a38a36f
299,1cc78cf2-1384-11ea-a001-000d3a38a36f
300,1ccc7bfe-2216-11ea-ba6f-000d3a38a36f
301,1ccc974e-b130-11e9-9757-000d3a38a36f
302,1cd20794-af30-11e9-a2fc-000d3a38a36f
303,1cebc5c8-ab78-11e9-a2fc-000d3a38a36f
304,1cee861e-a7f4-11e9-a2fc-000d3a38a36f
305,1d71c20a-a177-11e9-a2fc-000d3a38a36f
306,1d849cbc-5f1d-11eb-8dbd-000d3a38a36f
307,1dd7141c-9923-11ea-b97a-000d3a38a36f
308,1de7beae-9d14-11e9-9897-000d3a38a36f
309,1dfa2518-5b0e-11ea-b489-000d3a38a36f
310,1e0bab04-6382-11ea-a6dc-000d3a38a36f
311,1e2b18e8-9dc3-11e9-9897-000d3a38a36f
312,1e2dd6cc-0b1e-11eb-8ffc-000d3a38a36f
313,1e331f50-5be8-11ea-a869-000d3a38a36f
314,1e90b42a-5e0f-11ea-b81f-000d3a38a36f
315,1e9233ca-b0ab-11e9-9757-000d3a38a36f
316,1eaa3906-5417-11ea-b1db-000d3a38a36f
317,1ead1d0e-5bd0-11ea-8257-000d3a38a36f
318,1ec73d9a-ac19-11e9-a2fc-000d3a38a36f
319,1f243892-4d77-11ea-9c12-000d3a38a36f
320,1f360d0a-a46d-11e9-a2fc-000d3a38a36f
321,1f49b750-6d21-11eb-99c4-000d3a38a36f
322,1f691cd0-acfc-11e9-a2fc-000d3a38a36f
323,1f6ae350-a46c-11e9-a2fc-000d3a38a36f
324,1f72211a-a589-11e9-a2fc-000d3a38a36f
325,1f84b88e-1ae0-11eb-8d74-000d3a38a36f
326,1f84cc24-5bdd-11ea-9571-000d3a38a36f
327,1f88ace0-a779-11e9-a2fc-000d3a38a36f
328,1fa2d5a2-e3b0-11e9-ad00-000d3a38a36f
329,1faea564-ae75-11e9-a2fc-000d3a38a36f
330,1fb74efe-54db-11eb-9e65-000d3a38a36f
331,1fc6399c-faef-11e9-b138-000d3a38a36f
332,1fd9ff40-3f90-11eb-806e-000d3a38a36f
333,1ffd35e8-ab01-11e9-a2fc-000d3a38a36f
334,201b9d86-5ff0-11ea-8dd8-000d3a38a36f
335,2020dc4c-2012-11ea-87bf-000d3a38a36f
336,202a42cc-a174-11e9-a2fc-000d3a38a36f
337,203cecd6-638b-11ea-a6dc-000d3a38a36f
338,20404e4c-9f61-11e9-a2fc-000d3a38a36f
339,2042fb0e-324c-11eb-9088-000d3a38a36f
340,204834a0-87ae-11ea-ace9-000d3a38a36f
341,2049c722-a567-11e9-a2fc-000d3a38a36f
342,207a6352-a5dd-11e9-a2fc-000d3a38a36f
343,20b0ed36-a223-11e9-a2fc-000d3a38a36f
344,2113e9c6-53b8-11ea-abe0-000d3a38a36f
345,21362468-9f3c-11e9-9897-000d3a38a36f
346,21568798-4e92-11ea-99ba-000d3a38a36f
347,216f3308-5bdd-11ea-b0e0-000d3a38a36f
348,21aac2ee-544c-11ea-b1db-000d3a38a36f
349,21c454e8-5b31-11ea-9cca-000d3a38a36f
350,21c4722a-a0f1-11e9-a2fc-000d3a38a36f
351,222bfcee-d6af-11e9-93bc-000d3a38a36f
352,223e32a2-22ca-11eb-99f8-000d3a38a36f
353,224779e0-230f-11ea-8523-000d3a38a36f
354,2247b22a-b118-11e9-9757-000d3a38a36f
355,2256067a-7a87-11ea-8f20-000d3a38a36f
356,22560e6e-a7dc-11e9-a2fc-000d3a38a36f
357,2278a084-ca48-11ea-a31e-000d3a38a36f
358,227aaaee-b092-11e9-9757-000d3a38a36f
359,2285ffa0-a3d3-11e9-a2fc-000d3a38a36f
360,229bb67e-5b39-11ea-87a7-000d3a38a36f
361,22c5adc2-e779-11ea-8f44-000d3a38a36f
362,22e75f5e-ab92-11e9-a2fc-000d3a38a36f
363,22ed0094-ad8f-11ea-b736-000d3a38a36f
364,230539da-9f7f-11e9-a2fc-000d3a38a36f
365,230d54bc-49ac-11ea-8a4f-000d3a38a36f
366,23151ace-1dfc-11eb-8d74-000d3a38a36f
367,234e17c8-541d-11eb-9e65-000d3a38a36f
368,2364e38e-d865-11e9-93bc-000d3a38a36f
369,23870092-270a-11ea-aaaa-000d3a38a36f
370,23b9e4da-2e08-11ea-9ad5-000d3a38a36f
371,23be2a1e-c56a-11ea-9dde-000d3a38a36f
372,23c71adc-2003-11ea-87bf-000d3a38a36f
373,23ca4b12-1206-11eb-8ffc-000d3a38a36f
374,24037cae-9491-11ea-85df-000d3a38a36f
375,2404c762-5be8-11ea-82bc-000d3a38a36f
376,2413f32a-3bc8-11eb-a48e-000d3a38a36f
377,24245f18-5652-11eb-9e65-000d3a38a36f
378,24541470-9f28-11e9-9897-000d3a38a36f
379,24679300-2ab5-11eb-b280-000d3a38a36f
380,2474d654-2d4b-11ea-827e-000d3a38a36f
381,24a8490c-d67b-11e9-93bc-000d3a38a36f
382,24b43e60-a89f-11e9-a2fc-000d3a38a36f
383,24ea9f2c-45da-11ea-a691-000d3a38a36f
384,251ced36-a2fb-11eb-a692-000d3a38a36f
385,25539dbe-2c04-11ea-91ab-000d3a38a36f
386,2579dc22-a84c-11e9-a2fc-000d3a38a36f
387,25d7e164-a536-11e9-a2fc-000d3a38a36f
388,2627966e-75a1-11ea-b23f-000d3a38a36f
389,2627ea76-38c3-11ea-85d6-000d3a38a36f
390,26308442-bfa5-11ea-9c44-000d3a38a36f
391,263a185e-b010-11e9-9757-000d3a38a36f
392,263ac93e-d65d-11e9-93bc-000d3a38a36f
393,2651e54a-b20b-11e9-89fa-000d3a38a36f
394,26579c3e-5340-11ea-acd3-000d3a38a36f
395,26a03a58-afc0-11e9-9757-000d3a38a36f
396,26c81082-9d7d-11e9-9897-000d3a38a36f
397,26c816ee-aa0d-11e9-a2fc-000d3a38a36f
398,26d2beb4-90a7-11eb-bae6-000d3a38a36f
399,26dfa6b0-51fb-11ea-a243-000d3a38a36f
400,274e43bc-3e3d-11ea-b1ad-000d3a38a36f
401,27544188-ae85-11e9-a2fc-000d3a38a36f
402,275b64b2-a517-11e9-a2fc-000d3a38a36f
403,27a76fac-8526-11ea-80af-000d3a38a36f
404,27da4fea-5659-11ea-b9b9-000d3a38a36f
405,27ea3442-5b30-11ea-9450-000d3a38a36f
406,27ef5824-66e1-11eb-975c-000d3a38a36f
407,27f11544-1ca3-11ea-a490-000d3a38a36f
408,280962e2-abe8-11e9-a2fc-000d3a38a36f
409,280e802e-a6ab-11ea-bd63-000d3a38a36f
410,28112ca6-a8f6-11e9-a2fc-000d3a38a36f
411,281de960-d6ea-11e9-93bc-000d3a38a36f
412,28536fc2-ff21-11e9-a5e8-000d3a38a36f
413,287a120a-9d0e-11e9-9897-000d3a38a36f
414,287be544-a763-11e9-a2fc-000d3a38a36f
415,28a4e4ac-9e54-11e9-9897-000d3a38a36f
416,28af2610-51d2-11ea-a243-000d3a38a36f
417,28ba5f2e-2786-11ea-aaaa-000d3a38a36f
418,28e70c9a-afdf-11ea-b736-000d3a38a36f
419,28f00236-7a7f-11ea-8f20-000d3a38a36f
420,292258be-ae61-11eb-bbf8-000d3a38a36f
421,29378cfe-5b45-11ea-a185-000d3a38a36f
422,2939f2ca-ddb7-11e9-9cd3-000d3a38a36f
423,29467ae0-b089-11ea-b736-000d3a38a36f
424,29478c86-1940-11ea-b6a2-000d3a38a36f
425,296ac2c4-d64b-11e9-93bc-000d3a38a36f
426,2994befc-533d-11ea-acd3-000d3a38a36f
427,2996b9e4-444e-11ea-8b43-000d3a38a36f
428,2998a8c4-afef-11e9-9757-000d3a38a36f
429,2998ead2-ae9b-11e9-a2fc-000d3a38a36f
430,29c4a78e-97cb-11ea-9d91-000d3a38a36f
431,29df9a7c-30ff-11ea-b884-000d3a38a36f
432,29ef573e-1f96-11ea-87bf-000d3a38a36f
433,29f2f250-a73b-11e9-a2fc-000d3a38a36f
434,2a1933c6-a9ec-11e9-a2fc-000d3a38a36f
435,2a1f1214-492e-11ea-bf43-000d3a38a36f
436,2a22d254-9ecb-11e9-9897-000d3a38a36f
437,2a2daa14-a594-11ea-bd63-000d3a38a36f
438,2a2f0d2a-a520-11e9-a2fc-000d3a38a36f
439,2a6807fa-abca-11e9-a2fc-000d3a38a36f
440,2ac42ea4-9760-11ea-a9c8-000d3a38a36f
441,2ad4a4e6-b057-11e9-9757-000d3a38a36f
442,2addb15e-aa52-11e9-a2fc-000d3a38a36f
443,2ae832cc-d721-11e9-93bc-000d3a38a36f
444,2b122c76-a41d-11e9-a2fc-000d3a38a36f
445,2b13b8e2-2227-11ea-8523-000d3a38a36f
446,2b1d9c98-53e8-11ea-94d4-000d3a38a36f
447,2b2213ca-9db5-11e9-9897-000d3a38a36f
448,2b60a666-a6ad-11e9-a2fc-000d3a38a36f
449,2b9fe6b6-a7eb-11e9-a2fc-000d3a38a36f
450,2bc7574a-a931-11e9-a2fc-000d3a38a36f
451,2bd234f8-ad0f-11e9-a2fc-000d3a38a36f
452,2bf2cae2-a823-11e9-a2fc-000d3a38a36f
453,2bfd088c-22e3-11ea-8523-000d3a38a36f
454,2bfe39f6-b11d-11e9-9757-000d3a38a36f
455,2c22bbc4-5bee-11ea-bc81-000d3a38a36f
456,2c28231e-9f2b-11e9-9897-000d3a38a36f
457,2c53cf72-a4bd-11e9-a2fc-000d3a38a36f
458,2c636ed4-a0f6-11e9-a2fc-000d3a38a36f
459,2c666002-a255-11e9-a2fc-000d3a38a36f
460,2c6b7052-244f-11ea-a30f-000d3a38a36f
461,2c71b1e2-a790-11e9-a2fc-000d3a38a36f
462,2ca88a6a-aa69-11e9-a2fc-000d3a38a36f
463,2caa8e06-2131-11eb-b361-000d3a38a36f
464,2cf42632-62ec-11ea-a6dc-000d3a38a36f
465,2d01412c-d6e8-11e9-93bc-000d3a38a36f
466,2d07e768-2ad8-11ea-9d27-000d3a38a36f
467,2d08b5fc-a6b8-11e9-a2fc-000d3a38a36f
468,2d1a8e52-b136-11e9-9757-000d3a38a36f
469,2d4a5520-ae9c-11e9-a2fc-000d3a38a36f
470,2d5ff0b0-a15e-11e9-a2fc-000d3a38a36f
471,2d602ffe-98dd-11ea-b97a-000d3a38a36f
472,2d629908-9f30-11e9-9897-000d3a38a36f
473,2d8d62f4-2c0d-11ea-91ab-000d3a38a36f
474,2d971f16-5b46-11ea-9ba3-000d3a38a36f
475,2decfb82-1f4d-11ea-87bf-000d3a38a36f
476,2df51fc2-2148-11ea-9618-000d3a38a36f
477,2e0a8b22-399a-11ea-85d6-000d3a38a36f
478,2e112ef0-2b9e-11ea-853d-000d3a38a36f
479,2e14b63a-a889-11e9-a2fc-000d3a38a36f
480,2e22d7a8-a3d7-11e9-a2fc-000d3a38a36f
481,2e27c8b6-acbb-11e9-a2fc-000d3a38a36f
482,2e67c014-b0fe-11e9-9757-000d3a38a36f
483,2e6c4bda-b152-11e9-9757-000d3a38a36f
484,2e6eda80-abf3-11e9-a2fc-000d3a38a36f
485,2e764ea6-a9a4-11e9-a2fc-000d3a38a36f
486,2e7720d8-52fa-11ea-9ade-000d3a38a36f
487,2e7ee8fa-9ecc-11e9-9897-000d3a38a36f
488,2e8824c0-5028-11ea-99ba-000d3a38a36f
489,2e8f31f6-1276-11ea-a001-000d3a38a36f
490,2e9ebbce-5bcf-11ea-8866-000d3a38a36f
491,2eb3eb2c-edff-11e9-9346-000d3a38a36f
492,2f07b836-cc18-11ea-b305-000d3a38a36f
493,2f19d0dc-5b09-11ea-a0cb-000d3a38a36f
494,2f23ca88-51ef-11ea-a243-000d3a38a36f
495,2f3e9230-9d92-11e9-9897-000d3a38a36f
496,2f534e0e-28b1-11eb-8a9b-000d3a38a36f
497,2f7e8932-bd38-11ea-aa61-000d3a38a36f
498,2f872aee-d6be-11e9-93bc-000d3a38a36f
499,2f9641bc-1b4e-11ea-9812-000d3a38a36f
500,2fbef7a0-2063-11ea-87bf-000d3a38a36f
501,2fc99bd4-220b-11ea-ba6f-000d3a38a36f
502,2fd58316-43d1-11eb-806e-000d3a38a36f
503,2fee0408-60b5-11eb-9b71-000d3a38a36f
504,2ff88bba-aa6a-11e9-a2fc-000d3a38a36f
505,3005dccc-5459-11ea-b1db-000d3a38a36f
506,3031b986-c034-11ea-9c44-000d3a38a36f
507,30421588-ac3f-11e9-a2fc-000d3a38a36f
508,30478470-5bb5-11ea-8269-000d3a38a36f
509,307bdab0-b055-11e9-9757-000d3a38a36f
510,30871346-a7fc-11e9-a2fc-000d3a38a36f
511,30c39f7a-9e54-11e9-9897-000d3a38a36f
512,30c90036-5ba1-11ea-8e4f-000d3a38a36f
513,30f02290-dde5-11e9-a848-000d3a38a36f
514,31050bf4-a6c9-11e9-a2fc-000d3a38a36f
515,3113ddac-1a49-11ea-941b-000d3a38a36f
516,31c0dbe0-d94b-11e9-93bc-000d3a38a36f
517,320aed90-2e30-11ea-9ad5-000d3a38a36f
518,32376fb0-13d1-11ea-a001-000d3a38a36f
519,326e0b4e-ac78-11e9-a2fc-000d3a38a36f
520,328d030a-acff-11e9-a2fc-000d3a38a36f
521,32920060-afef-11e9-9757-000d3a38a36f
522,329def8e-ab9d-11e9-a2fc-000d3a38a36f
523,32a7af84-ac78-11e9-a2fc-000d3a38a36f
524,32aa2196-31f2-11eb-860c-000d3a38a36f
525,32b95fa6-fef6-11e9-a5e8-000d3a38a36f
526,32e3d168-af32-11ea-b736-000d3a38a36f
527,32fa78da-a580-11e9-a2fc-000d3a38a36f
528,330db1a8-a769-11e9-a2fc-000d3a38a36f
529,331c38b0-a2e9-11e9-a2fc-000d3a38a36f
530,331d6856-af2e-11e9-a2fc-000d3a38a36f
531,332aca5c-ab94-11e9-a2fc-000d3a38a36f
532,334d94a4-1526-11eb-8ffc-000d3a38a36f
533,336f224e-a6ce-11e9-a2fc-000d3a38a36f
534,337969ac-1cc6-11ea-a490-000d3a38a36f
535,340fee28-ab46-11e9-a2fc-000d3a38a36f
536,3412d618-2983-11ea-b87a-000d3a38a36f
537,34dabff8-5bcd-11ea-965a-000d3a38a36f
538,34df71c4-3efd-11eb-806e-000d3a38a36f
539,34e216ea-b12d-11e9-9757-000d3a38a36f
540,34ebde18-a779-11e9-a2fc-000d3a38a36f
541,35286cf4-9e5d-11e9-9897-000d3a38a36f
542,3530928a-1f13-11ea-87bf-000d3a38a36f
543,353843f2-5e2a-11eb-8dbd-000d3a38a36f
544,356481c8-907b-11eb-bae6-000d3a38a36f
545,35722f7a-ac26-11e9-a2fc-000d3a38a36f
546,35bb1806-c133-11eb-8ef5-000d3a38a36f
547,35c07a08-907e-11ea-af25-000d3a38a36f
548,35c6f618-af9b-11e9-a2fc-000d3a38a36f
549,35cc42fc-ab96-11e9-a2fc-000d3a38a36f
550,3632aeb6-b019-11e9-9757-000d3a38a36f
551,364a32de-166c-11ea-aa74-000d3a38a36f
552,366848fa-4f46-11eb-806e-000d3a38a36f
553,367bfb14-b106-11e9-9757-000d3a38a36f
554,36c10134-9ea3-11e9-9897-000d3a38a36f
555,36c7cab4-bb9e-11ea-995f-000d3a38a36f
556,36cef6e2-a928-11e9-a2fc-000d3a38a36f
557,36deba9e-d675-11e9-93bc-000d3a38a36f
558,36ec7166-a26d-11e9-a2fc-000d3a38a36f
559,36f54dde-25ff-11ea-8e1c-000d3a38a36f
560,36fd0960-9e8d-11e9-9897-000d3a38a36f
561,370302d2-aca4-11e9-a2fc-000d3a38a36f
562,37515134-5b05-11ea-9762-000d3a38a36f
563,375ff8ba-a6a1-11e9-a2fc-000d3a38a36f
564,37651e4c-6197-11ea-8dd8-000d3a38a36f
565,3782c7be-9ed6-11e9-9897-000d3a38a36f
566,379d0e1e-a6ae-11e9-a2fc-000d3a38a36f
567,37b59bd6-aab0-11e9-a2fc-000d3a38a36f
568,37c86d08-a739-11e9-a2fc-000d3a38a36f
569,37d9ff68-a8fc-11e9-a2fc-000d3a38a36f
570,37e324ba-a499-11e9-a2fc-000d3a38a36f
571,380cabbe-da8a-11ea-a65b-000d3a38a36f
572,3812050c-53fa-11eb-9e65-000d3a38a36f
573,3820c10a-bc92-11ea-aa61-000d3a38a36f
574,384cc1fe-fe44-11e9-a5e8-000d3a38a36f
575,385edc24-b009-11e9-9757-000d3a38a36f
576,3880fe94-9f4c-11e9-9897-000d3a38a36f
577,38838c72-aa4b-11e9-a2fc-000d3a38a36f
578,38853126-f775-11ea-a533-000d3a38a36f
579,38ca1544-a8b5-11e9-a2fc-000d3a38a36f
580,38cc618a-a4fc-11e9-a2fc-000d3a38a36f
581,38f0dd14-a590-11e9-a2fc-000d3a38a36f
582,390df57a-a1b2-11e9-a2fc-000d3a38a36f
583,392f90d8-b1e1-11e9-89fa-000d3a38a36f
584,39362650-3f1c-11ea-b794-000d3a38a36f
585,393d3d26-aabd-11e9-a2fc-000d3a38a36f
586,394cdd9e-28a7-11eb-8a9b-000d3a38a36f
587,397a63e0-a6a8-11e9-a2fc-000d3a38a36f
588,39941816-53bf-11ea-abe0-000d3a38a36f
589,39d3327e-a7d7-11e9-a2fc-000d3a38a36f
590,39e123aa-94c3-11ea-85df-000d3a38a36f
591,39e2d340-d92e-11e9-93bc-000d3a38a36f
592,3a285f00-f4f4-11e9-9346-000d3a38a36f
593,3a43daba-a485-11e9-a2fc-000d3a38a36f
594,3a85dc22-12bb-11ea-a001-000d3a38a36f
595,3a94268a-15f2-11ea-aa74-000d3a38a36f
596,3aa52386-afb8-11e9-9757-000d3a38a36f
597,3aabb51c-28e2-11eb-b7dd-000d3a38a36f
598,3ad92b8e-5b3b-11ea-8e25-000d3a38a36f
599,3aeeefae-a444-11e9-a2fc-000d3a38a36f
600,3b1270f4-aa5d-11e9-a2fc-000d3a38a36f
601,3b3aad7a-5b2f-11ea-bf2c-000d3a38a36f
602,3b3abf1e-2b9f-11ea-853d-000d3a38a36f
603,3b69b702-49d0-11ea-8a4f-000d3a38a36f
604,3b6a6aa6-ab5d-11e9-a2fc-000d3a38a36f
605,3b7228ce-7300-11eb-a9a7-000d3a38a36f
606,3c1454e8-ac44-11e9-a2fc-000d3a38a36f
607,3c1db156-994b-11ea-b97a-000d3a38a36f
608,3c2bf5b0-5bb4-11ea-81c0-000d3a38a36f
609,3c3381d6-f80d-11ea-a533-000d3a38a36f
610,3c3decf4-2d08-11eb-8b78-000d3a38a36f
611,3c54fbb4-9dfe-11e9-9897-000d3a38a36f
612,3c6735e6-736d-11ea-92d0-000d3a38a36f
613,3c68119e-5439-11ea-b1db-000d3a38a36f
614,3c688efe-9e94-11e9-9897-000d3a38a36f
615,3c9ee278-aa11-11e9-a2fc-000d3a38a36f
616,3ca62200-a3ad-11e9-a2fc-000d3a38a36f
617,3cb0fb60-22d5-11ea-8523-000d3a38a36f
618,3ce424c0-3ecf-11ea-b794-000d3a38a36f
619,3d0033c2-adcf-11e9-a2fc-000d3a38a36f
620,3d1ec178-d6c1-11e9-93bc-000d3a38a36f
621,3d307a80-ab0b-11e9-a2fc-000d3a38a36f
622,3d690368-ae40-11e9-a2fc-000d3a38a36f
623,3d87336e-d62d-11e9-93bc-000d3a38a36f
624,3da84cd6-b178-11e9-89fa-000d3a38a36f
625,3dc46c48-b035-11e9-9757-000d3a38a36f
626,3df4f572-aa98-11e9-a2fc-000d3a38a36f
627,3df92962-aceb-11e9-a2fc-000d3a38a36f
628,3e01ef60-9fc2-11e9-a2fc-000d3a38a36f
629,3e06e4c6-55aa-11eb-9e65-000d3a38a36f
630,3e2ce50c-61e7-11ea-8dd8-000d3a38a36f
631,3e423638-be25-11ea-aa61-000d3a38a36f
632,3e6466fc-b112-11e9-9757-000d3a38a36f
633,3e725b46-94a5-11ea-85df-000d3a38a36f
634,3ebc7fc6-2d9f-11eb-8062-000d3a299ebf
635,3ec543cc-b1a9-11e9-89fa-000d3a38a36f
636,3ed92220-aecf-11e9-a2fc-000d3a38a36f
637,3f118c82-a146-11e9-a2fc-000d3a38a36f
638,3f3add64-ad74-11e9-a2fc-000d3a38a36f
639,3f6d1e4e-ee0d-11e9-9346-000d3a38a36f
640,3f764398-9ead-11e9-9897-000d3a38a36f
641,3f83baea-7351-11ea-92d0-000d3a38a36f
642,3f9f8cea-3056-11ea-bb28-000d3a38a36f
643,3fd7beb4-cc1c-11ea-b305-000d3a38a36f
644,3fda4522-b178-11e9-89fa-000d3a38a36f
645,3fdf406a-53c9-11ea-abe0-000d3a38a36f
646,3ff9a700-a24b-11e9-a2fc-000d3a38a36f
647,4087a75a-a523-11e9-a2fc-000d3a38a36f
648,40ada436-62f2-11ea-a6dc-000d3a38a36f
649,41081e4c-5bd7-11ea-90ca-000d3a38a36f
650,41214a1c-6f71-11eb-bdb8-000d3a38a36f
651,413ab3d6-b1bc-11e9-89fa-000d3a38a36f
652,41402244-e168-11ea-b5cd-000d3a38a36f
653,4146e988-3e36-11ea-b1ad-000d3a38a36f
654,415704a2-a968-11e9-a2fc-000d3a38a36f
655,4159cc38-5b05-11ea-82d2-000d3a38a36f
656,416a442c-ae09-11e9-a2fc-000d3a38a36f
657,41c16660-8b91-11ea-8ec0-000d3a38a36f
658,4203a8ea-a258-11e9-a2fc-000d3a38a36f
659,4247c602-d6a5-11e9-93bc-000d3a38a36f
660,424df598-1b58-11ea-9812-000d3a38a36f
661,4271fdf8-a59a-11eb-b07f-000d3a299ebf
662,427a101e-a886-11e9-a2fc-000d3a38a36f
663,42813208-564c-11ea-b9b9-000d3a38a36f
664,429d2888-44bc-11ea-8b43-000d3a38a36f
665,42a6c718-5bf4-11ea-8384-000d3a38a36f
666,42b92336-52f8-11ea-9ade-000d3a38a36f
667,42bbabfe-a5cf-11ea-bd63-000d3a38a36f
668,42cf9314-9d31-11e9-9897-000d3a38a36f
669,42fb6be6-a976-11e9-a2fc-000d3a38a36f
670,42fd7290-7f00-11eb-b666-000d3a38a36f
671,42fffc3a-63a5-11ea-a6dc-000d3a38a36f
672,4307ebf0-25e5-11ea-8e1c-000d3a38a36f
673,433647f6-9d29-11e9-9897-000d3a38a36f
674,435f3f14-a8ad-11e9-a2fc-000d3a38a36f
675,438ec68c-1ee9-11ea-81ff-000d3a38a36f
676,43978078-d191-11ea-b0fc-000d3a38a36f
677,43ba7d24-26bc-11ea-aaaa-000d3a38a36f
678,43ed0660-a26c-11e9-a2fc-000d3a38a36f
679,43f81f40-a5dd-11e9-a2fc-000d3a38a36f
680,4408a656-6bb4-11ea-9c62-000d3a38a36f
681,440ea4de-aa93-11ea-b736-000d3a38a36f
682,44147d1c-22fa-11ea-8523-000d3a38a36f
683,443aa46c-a571-11e9-a2fc-000d3a38a36f
684,44486302-51df-11ea-a243-000d3a38a36f
685,449cdfe8-d422-11ea-9838-000d3a38a36f
686,44c9d4d6-974f-11ea-a9c8-000d3a38a36f
687,44cb68d2-5eec-11ea-be5b-000d3a38a36f
688,44e17ce4-5bc1-11eb-8dbd-000d3a38a36f
689,44ffd5ac-ee05-11e9-9346-000d3a38a36f
690,451fcd3c-a565-11e9-a2fc-000d3a38a36f
691,45b47a70-b1ab-11e9-89fa-000d3a38a36f
692,45d90eb6-b0e9-11e9-9757-000d3a38a36f
693,46097e88-1cb5-11ea-a490-000d3a38a36f
694,460cdc08-18f1-11ea-9213-000d3a38a36f
695,460d324a-ae05-11e9-a2fc-000d3a38a36f
696,46232df8-af80-11e9-a2fc-000d3a38a36f
697,463850ea-b019-11e9-9757-000d3a38a36f
698,4660bd3c-ee0d-11e9-9346-000d3a38a36f
699,467205a8-5bc5-11ea-abfe-000d3a38a36f
700,468e0206-a51f-11e9-a2fc-000d3a38a36f
701,46bfbc7c-daf9-11ea-a65b-000d3a38a36f
702,46e081c6-5b2b-11ea-b02e-000d3a38a36f
703,471cccdc-0952-11eb-8ffc-000d3a38a36f
704,472fe346-5b36-11ea-a35f-000d3a38a36f
705,4730571c-5b0a-11ea-a192-000d3a38a36f
706,4735760e-af55-11e9-a2fc-000d3a38a36f
707,4739c9e2-545b-11ea-b1db-000d3a38a36f
708,47a43772-43fe-11ea-8b43-000d3a38a36f
709,47b14ce6-9755-11ea-a9c8-000d3a38a36f
710,47b18f9e-ac46-11e9-a2fc-000d3a38a36f
711,47d3b212-7361-11ea-92d0-000d3a38a36f
712,480c5bf8-4d46-11ea-9c12-000d3a38a36f
713,481a1f9e-9f9b-11e9-a2fc-000d3a38a36f
714,481a841e-b003-11eb-bbf8-000d3a38a36f
715,485c5012-ddda-11e9-a848-000d3a38a36f
716,4865ec8c-4377-11ea-8b43-000d3a38a36f
717,487551a2-ac66-11e9-a2fc-000d3a38a36f
718,4887058c-d62d-11e9-93bc-000d3a38a36f
719,4896788c-a6d5-11e9-a2fc-000d3a38a36f
720,4899ae68-52f0-11ea-9ade-000d3a38a36f
721,48aef838-b118-11e9-9757-000d3a38a36f
722,48bcc796-f66a-11e9-841e-000d3a38a36f
723,48d79652-ad2c-11e9-a2fc-000d3a38a36f
724,48e8bb8a-a5a7-11e9-a2fc-000d3a38a36f
725,492602f4-9fa5-11e9-a2fc-000d3a38a36f
726,495a2208-40d8-11ea-8359-000d3a38a36f
727,49662a14-a8e5-11eb-8f64-000d3a299ebf
728,4976592a-d614-11e9-93bc-000d3a38a36f
729,49798902-a57b-11e9-a2fc-000d3a38a36f
730,497f782c-a151-11e9-a2fc-000d3a38a36f
731,49877a0a-af2e-11e9-a2fc-000d3a38a36f
732,49942220-190c-11eb-8d74-000d3a38a36f
733,4a0abb04-2c65-11ea-b752-000d3a38a36f
734,4a2c26de-26bd-11ea-aaaa-000d3a38a36f
735,4a56c86a-a762-11e9-a2fc-000d3a38a36f
736,4a711e3a-f12d-11e9-9346-000d3a38a36f
737,4a72cd08-4923-11eb-806e-000d3a38a36f
738,4a796c0c-54d2-11eb-9e65-000d3a38a36f
739,4aa4c21c-317e-11ea-b884-000d3a38a36f
740,4aaa488c-ddd1-11e9-a848-000d3a38a36f
741,4aaa8c08-a4dc-11e9-a2fc-000d3a38a36f
742,4ab65e58-aacb-11e9-a2fc-000d3a38a36f
743,4abb75a0-660e-11eb-add3-000d3a38a36f
744,4ae93d56-2c61-11ea-b752-000d3a38a36f
745,4aeae12c-fe2d-11e9-a5e8-000d3a38a36f
746,4b0aec18-d6c0-11e9-93bc-000d3a38a36f
747,4b0f84e8-55a5-11eb-9e65-000d3a38a36f
748,4b3f6bee-bbb9-11ea-a0c9-000d3a38a36f
749,4b5efa90-a5b2-11e9-a2fc-000d3a38a36f
750,4b6a0fb2-2414-11ea-a30f-000d3a38a36f
751,4b6dba7c-b14b-11e9-9757-000d3a38a36f
752,4b70e2ea-3dac-11ea-9e19-000d3a38a36f
753,4b7701c4-d6ab-11e9-93bc-000d3a38a36f
754,4b7eaf2a-b0e3-11e9-9757-000d3a38a36f
755,4bbac326-3094-11ea-a6ce-000d3a38a36f
756,4be27d1c-d61c-11e9-93bc-000d3a38a36f
757,4c270cc4-9dab-11e9-9897-000d3a38a36f
758,4c3b7e74-9f28-11e9-9897-000d3a38a36f
759,4c4cce84-f119-11e9-9346-000d3a38a36f
760,4c6f5e56-5436-11ea-b1db-000d3a38a36f
761,4c7a28a8-5301-11ea-9ade-000d3a38a36f
762,4c9bd8b0-9f4a-11e9-9897-000d3a38a36f
763,4cdd8388-9fb2-11e9-a2fc-000d3a38a36f
764,4d1248ac-2301-11ea-8523-000d3a38a36f
765,4d819e16-5b49-11ea-9737-000d3a38a36f
766,4d8341d0-680e-11eb-b5d7-000d3a38a36f
767,4da5c2ba-403b-11ea-aa6b-000d3a38a36f
768,4da90b12-27d3-11ea-aaaa-000d3a38a36f
769,4dbcaa90-2c16-11ea-91ab-000d3a38a36f
770,4dc5ed3e-bbaa-11ea-a0c9-000d3a38a36f
771,4dd29088-a527-11e9-a2fc-000d3a38a36f
772,4ddd07ec-d67e-11e9-93bc-000d3a38a36f
773,4de069bc-a7f5-11e9-a2fc-000d3a38a36f
774,4de278b6-7b16-11ea-8f20-000d3a38a36f
775,4e08e5c4-a53c-11e9-a2fc-000d3a38a36f
776,4e56cff6-614b-11eb-add3-000d3a38a36f
777,4e79e150-86a7-11ea-b356-000d3a38a36f
778,4e8edada-ddcc-11e9-a848-000d3a38a36f
779,4ead3892-9e2d-11e9-9897-000d3a38a36f
780,4eae3686-5b2c-11ea-a713-000d3a38a36f
781,4eb068cc-1a11-11ea-941b-000d3a38a36f
782,4ed03a44-a513-11e9-a2fc-000d3a38a36f
783,4ed6fd92-b0fe-11e9-9757-000d3a38a36f
784,4ed72388-6a54-11eb-b5d7-000d3a38a36f
785,4f3c5c7e-6a38-11eb-b5d7-000d3a38a36f
786,4f81ec18-5b9c-11ea-a24e-000d3a38a36f
787,4f859bd2-9db1-11e9-9897-000d3a38a36f
788,4f9bc9bc-a9c2-11e9-a2fc-000d3a38a36f
789,4fad5c3a-6b2e-11ea-9c62-000d3a38a36f
790,4faf6070-5dd1-11eb-8dbd-000d3a38a36f
791,4fbb0cbe-9085-11ea-af25-000d3a38a36f
792,4fe90518-b220-11e9-b5cf-000d3a38a36f
793,5054a94e-1db9-11ea-8bf2-000d3a38a36f
794,50564270-8760-11ea-ace9-000d3a38a36f
795,506069d8-9f50-11e9-9897-000d3a38a36f
796,5090f468-5bca-11ea-89eb-000d3a38a36f
797,50be644a-b146-11e9-9757-000d3a38a36f
798,51176ddc-ad0f-11e9-a2fc-000d3a38a36f
799,51538fca-468d-11ea-b6c0-000d3a38a36f
800,51546b1c-a79a-11e9-a2fc-000d3a38a36f
801,515df66c-a1ed-11e9-a2fc-000d3a38a36f
802,51c6dab0-d9fb-11e9-93bc-000d3a38a36f
803,51d05f94-2380-11ea-8523-000d3a38a36f
804,51d524f0-9ead-11e9-9897-000d3a38a36f
805,51f5abfe-b0a4-11e9-9757-000d3a38a36f
806,51fb994e-d6fe-11e9-93bc-000d3a38a36f
807,5222f3ae-af12-11e9-a2fc-000d3a38a36f
808,523155f6-a428-11e9-a2fc-000d3a38a36f
809,5246331e-095c-11eb-8ffc-000d3a38a36f
810,5250a2d8-a925-11e9-a2fc-000d3a38a36f
811,5258542e-a9cf-11e9-a2fc-000d3a38a36f
812,52c22686-5b10-11ea-a7b3-000d3a38a36f
813,52e97e76-acf5-11e9-a2fc-000d3a38a36f
814,5307c13a-f4e7-11e9-9346-000d3a38a36f
815,531920b8-2a44-11eb-b280-000d3a38a36f
816,53206d4c-190f-11ea-9213-000d3a38a36f
817,532aeed6-f8a6-11e9-b138-000d3a38a36f
818,5338aa14-a9b7-11e9-a2fc-000d3a38a36f
819,53618b8c-9de6-11e9-9897-000d3a38a36f
820,53798d5c-5bed-11ea-bbd5-000d3a38a36f
821,53905f18-5b53-11ea-ae40-000d3a38a36f
822,53af21f0-b216-11e9-89fa-000d3a38a36f
823,53edbc6c-622e-11ea-9d1a-000d3a38a36f
824,53f8ae98-a69e-11e9-a2fc-000d3a38a36f
825,541ddfd8-a987-11e9-a2fc-000d3a38a36f
826,542af5f0-4c5c-11eb-806e-000d3a38a36f
827,5451b712-a82f-11e9-a2fc-000d3a38a36f
828,545c5724-5b50-11ea-a647-000d3a38a36f
829,545d08e8-ac1b-11e9-a2fc-000d3a38a36f
830,546cdcd8-8bee-11ea-8ec0-000d3a38a36f
831,54ab4dd6-2d99-11eb-8062-000d3a299ebf
832,54b09480-b616-11ea-a78c-000d3a38a36f
833,54f2d766-7851-11eb-a674-000d3a38a36f
834,54f468d6-a8b1-11e9-a2fc-000d3a38a36f
835,55002b0e-298e-11ea-b87a-000d3a38a36f
836,5549de46-61bc-11ea-8dd8-000d3a38a36f
837,55747b2c-9ef0-11e9-9897-000d3a38a36f
838,55956072-ae44-11e9-a2fc-000d3a38a36f
839,55a3e462-a740-11ea-bd63-000d3a38a36f
840,55b5fe84-c821-11ea-a167-000d3a38a36f
841,55d1f3b2-a7d6-11e9-a2fc-000d3a38a36f
842,561e3f5e-abb6-11e9-a2fc-000d3a38a36f
843,56200cdc-a9ed-11e9-a2fc-000d3a38a36f
844,56455608-5b96-11ea-bccf-000d3a38a36f
845,56478b08-9e63-11e9-9897-000d3a38a36f
846,56580f7c-a3eb-11e9-a2fc-000d3a38a36f
847,568e472e-9fb1-11e9-a2fc-000d3a38a36f
848,56b9f458-b061-11e9-9757-000d3a38a36f
849,56c0dfa4-a4f7-11e9-a2fc-000d3a38a36f
850,56c7d6b6-2084-11ea-87bf-000d3a38a36f
851,56d3a540-d60b-11e9-93bc-000d3a38a36f
852,56d9a48a-5b09-11ea-9828-000d3a38a36f
853,56ddd00a-aff6-11e9-9757-000d3a38a36f
854,56f76474-c4f0-11ea-98f7-000d3a38a36f
855,57005c42-9dc2-11e9-9897-000d3a38a36f
856,57177730-5e8a-11eb-8dbd-000d3a38a36f
857,575ba20e-aa11-11e9-a2fc-000d3a38a36f
858,57ecf1ca-5b53-11ea-a15c-000d3a38a36f
859,57f36b44-5bc7-11ea-9e12-000d3a38a36f
860,580d5a24-983d-11ea-9d91-000d3a38a36f
861,5818dddc-a918-11e9-a2fc-000d3a38a36f
862,58716692-9de1-11e9-9897-000d3a38a36f
863,588035b0-1a3b-11ea-941b-000d3a38a36f
864,59228168-2f0c-11ea-8467-000d3a38a36f
865,593fb894-b105-11e9-9757-000d3a38a36f
866,59566560-6579-11eb-add3-000d3a38a36f
867,595a4efe-a910-11e9-a2fc-000d3a38a36f
868,59767978-5bab-11ea-89e8-000d3a38a36f
869,598777a4-1c00-11ea-ac4f-000d3a38a36f
870,59ae4048-b155-11e9-9757-000d3a38a36f
871,59b17120-2d68-11ea-827e-000d3a38a36f
872,5a07efce-7056-11ea-b40c-000d3a38a36f
873,5a8ba4da-adde-11e9-a2fc-000d3a38a36f
874,5abe119c-5b97-11ea-b42d-000d3a38a36f
875,5abe3380-1384-11ea-a001-000d3a38a36f
876,5ac5c4fa-542b-11ea-b1db-000d3a38a36f
877,5ae04a6c-5bb7-11ea-9dc3-000d3a38a36f
878,5af84d16-9e15-11e9-9897-000d3a38a36f
879,5afa1f38-70a1-11ea-95d1-000d3a38a36f
880,5b1406ec-a3be-11e9-a2fc-000d3a38a36f
881,5b238ee6-2bef-11ea-91ab-000d3a38a36f
882,5b2af22c-a827-11e9-a2fc-000d3a38a36f
883,5b3f7fe2-a860-11e9-a2fc-000d3a38a36f
884,5b4b0850-542f-11ea-b1db-000d3a38a36f
885,5b717c18-a3b5-11e9-a2fc-000d3a38a36f
886,5bb6eb9e-25de-11ea-8e1c-000d3a38a36f
887,5bc3c016-a0c9-11e9-a2fc-000d3a38a36f
888,5bc87a7c-9de8-11e9-9897-000d3a38a36f
889,5bcb9f78-af67-11e9-a2fc-000d3a38a36f
890,5bfbaca4-99c2-11ea-a274-000d3a38a36f
891,5c14aae6-74f7-11ea-bb48-000d3a38a36f
892,5c399384-c5c8-11ea-8698-000d3a38a36f
893,5c4b88c2-5274-11ea-956d-000d3a38a36f
894,5c57c506-a851-11e9-a2fc-000d3a38a36f
895,5c65cf44-aaf8-11e9-a2fc-000d3a38a36f
896,5c69415c-a525-11e9-a2fc-000d3a38a36f
897,5c85e680-b0e8-11e9-9757-000d3a38a36f
898,5ca4920e-5bd0-11ea-9ae2-000d3a38a36f
899,5cc3d87c-0a57-11eb-8ffc-000d3a38a36f
900,5ccd2e68-1372-11ea-a001-000d3a38a36f
901,5cd03338-5b2a-11ea-a129-000d3a38a36f
902,5ce900ac-526f-11ea-956d-000d3a38a36f
903,5cfba532-29d3-11ea-87cc-000d3a38a36f
904,5d18eef8-194d-11ea-b6a2-000d3a38a36f
905,5d4a3de2-4917-11ea-b6c0-000d3a38a36f
906,5d877f50-2642-11eb-8a9b-000d3a38a36f
907,5d9bc584-e531-11ea-b769-000d3a38a36f
908,5df4b840-a727-11e9-a2fc-000d3a38a36f
909,5e35fb4c-2e9f-11eb-a8d1-000d3a299ebf
910,5e5cb020-2da0-11eb-8062-000d3a299ebf
911,5e744c7a-b363-11e9-a043-000d3a38a36f
912,5eb975c8-a569-11e9-a2fc-000d3a38a36f
913,5ec75e46-af9f-11e9-a2fc-000d3a38a36f
914,5ec84242-a17c-11e9-a2fc-000d3a38a36f
915,5edd4a7e-6473-11ea-a507-000d3a38a36f
916,5f1e3ac6-4f37-11ea-99ba-000d3a38a36f
917,5f26a95a-5431-11ea-b1db-000d3a38a36f
918,5f3845dc-30c0-11ea-a6ce-000d3a38a36f
919,5f43fe7e-ad6f-11e9-a2fc-000d3a38a36f
920,5f4f4984-adef-11e9-a2fc-000d3a38a36f
921,5f510524-3243-11eb-9088-000d3a38a36f
922,5f9b4750-d61f-11e9-93bc-000d3a38a36f
923,5fb00adc-ac26-11e9-a2fc-000d3a38a36f
924,5fef1e6e-b05b-11e9-9757-000d3a38a36f
925,601627f6-6d8e-11eb-99c4-000d3a38a36f
926,606fc8a2-9ee0-11e9-9897-000d3a38a36f
927,607d9f00-b177-11e9-89fa-000d3a38a36f
928,6092262a-fe5e-11ea-a657-000d3a38a36f
929,60b6f656-9f52-11e9-9897-000d3a38a36f
930,60b9059e-3df0-11ea-9e19-000d3a38a36f
931,60c78778-a9de-11e9-a2fc-000d3a38a36f
932,60e5a562-583a-11eb-9e65-000d3a38a36f
933,61033cca-66ec-11ea-82da-000d3a38a36f
934,611a7084-9e56-11e9-9897-000d3a38a36f
935,6140b668-abdf-11e9-a2fc-000d3a38a36f
936,61893cf2-a532-11e9-a2fc-000d3a38a36f
937,61f3b9d2-234b-11ea-8523-000d3a38a36f
938,6201cf2a-a968-11e9-a2fc-000d3a38a36f
939,6201d566-a949-11e9-a2fc-000d3a38a36f
940,62236c9e-5b37-11ea-a351-000d3a38a36f
941,6262b9dc-f80b-11ea-a533-000d3a38a36f
942,626b0be4-d6ee-11e9-93bc-000d3a38a36f
943,6291a010-abd3-11e9-a2fc-000d3a38a36f
944,62a7fbcc-aa1a-11e9-a2fc-000d3a38a36f
945,62b8c510-73f9-11eb-b35d-000d3a38a36f
946,62bd5080-18d8-11ea-9213-000d3a38a36f
947,62c43294-0157-11ea-a5e8-000d3a38a36f
948,6334fd50-b05b-11e9-9757-000d3a38a36f
949,633b2996-980e-11ea-9d91-000d3a38a36f
950,6364b270-ab1f-11e9-a2fc-000d3a38a36f
951,63cb6d58-ad4a-11e9-a2fc-000d3a38a36f
952,63cef04c-a523-11e9-a2fc-000d3a38a36f
953,63d6e2d6-a346-11e9-a2fc-000d3a38a36f
954,63e09d12-269a-11ea-b9a0-000d3a38a36f
955,6481e932-a9a5-11e9-a2fc-000d3a38a36f
956,64b18f06-9248-11eb-b584-000d3a38a36f
957,64cdf6f8-abe7-11e9-a2fc-000d3a38a36f
958,64e38764-6386-11ea-a6dc-000d3a38a36f
959,655a8148-a7f7-11e9-a2fc-000d3a38a36f
960,65781176-52f2-11ea-9ade-000d3a38a36f
961,65a056c4-5287-11ea-8850-000d3a38a36f
962,662083c8-aa42-11e9-a2fc-000d3a38a36f
963,662947c2-443a-11eb-806e-000d3a38a36f
964,665a8bf4-abfa-11e9-a2fc-000d3a38a36f
965,6686c894-a5b1-11e9-a2fc-000d3a38a36f
966,66aca5b2-6160-11ea-8dd8-000d3a38a36f
967,66edb316-2774-11ea-aaaa-000d3a38a36f
968,66f0e752-a105-11e9-a2fc-000d3a38a36f
969,66f99eac-a3c0-11e9-a2fc-000d3a38a36f
970,671194a6-62d5-11ea-9861-000d3a38a36f
971,672256be-256e-11ea-b1c8-000d3a38a36f
972,67266024-9bc9-11eb-9c47-000d3a38a36f
973,672705f0-d696-11e9-93bc-000d3a38a36f
974,67618afa-a544-11e9-a2fc-000d3a38a36f
975,676521a6-1fd8-11ea-87bf-000d3a38a36f
976,6770946c-8f0a-11eb-8cb8-000d3a38a36f
977,67756d10-b14a-11e9-9757-000d3a38a36f
978,677ec0b0-a1c6-11e9-a2fc-000d3a38a36f
979,67897f2a-262b-11ea-8e1c-000d3a38a36f
980,6792a6ae-a71e-11e9-a2fc-000d3a38a36f
981,679d7596-2a1a-11ea-99b3-000d3a38a36f
982,67a6eb54-a1e3-11e9-a2fc-000d3a38a36f
983,67ae927c-5b39-11ea-9426-000d3a38a36f
984,67b1719e-6314-11ea-a6dc-000d3a38a36f
985,67bfff2c-a198-11e9-a2fc-000d3a38a36f
986,67e03986-8496-11ea-80af-000d3a38a36f
987,67f73e58-6310-11ea-a6dc-000d3a38a36f
988,67f9acb8-a71a-11e9-a2fc-000d3a38a36f
989,67fc1c74-13ca-11ea-a001-000d3a38a36f
990,67fc9f46-5b37-11ea-ad99-000d3a38a36f
991,6836391a-a21c-11e9-a2fc-000d3a38a36f
992,683e7d4e-1212-11ea-a001-000d3a38a36f
993,687db174-7e8e-11ea-80af-000d3a38a36f
994,68bb698c-1206-11ea-916f-000d3a38a36f
995,68cf9fca-2d89-11eb-8062-000d3a299ebf
996,6907e53c-316d-11eb-9dc6-000d3a38a36f
997,69195a92-2be2-11ea-91ab-000d3a38a36f
998,69210962-564a-11ea-b9b9-000d3a38a36f
999,694973cc-d623-11e9-93bc-000d3a38a36f
1000,698a1480-ac58-11e9-a2fc-000d3a38a36f
1001,69917972-62d9-11ea-a6dc-000d3a38a36f
1002,6992a954-afc5-11e9-9757-000d3a38a36f
1003,69fc3c42-13cb-11ea-a001-000d3a38a36f
1004,6a090a8e-ab71-11e9-a2fc-000d3a38a36f
1005,6a138f62-d71e-11e9-93bc-000d3a38a36f
1006,6a2a8ff2-a9d6-11e9-a2fc-000d3a38a36f
1007,6a2b71d6-255b-11eb-872a-000d3a38a36f
1008,6a2de32e-aa0c-11e9-a2fc-000d3a38a36f
1009,6a50e9aa-b141-11e9-9757-000d3a38a36f
1010,6a528e60-a717-11e9-a2fc-000d3a38a36f
1011,6a9a7542-acd3-11e9-a2fc-000d3a38a36f
1012,6aad4162-ab9e-11e9-a2fc-000d3a38a36f
1013,6af529f0-5b39-11ea-991c-000d3a38a36f
1014,6b272a80-dbe6-11ea-a0af-000d3a38a36f
1015,6b64067c-9810-11ea-9d91-000d3a38a36f
1016,6b6b76be-210a-11ea-b50a-000d3a38a36f
1017,6b743e52-3da2-11ea-9e19-000d3a38a36f
1018,6bad3614-aa66-11e9-a2fc-000d3a38a36f
1019,6bb61316-5bd6-11ea-8cde-000d3a38a36f
1020,6bb7a2e4-a81c-11e9-a2fc-000d3a38a36f
1021,6bf01710-b4f5-11e9-9c4b-000d3a38a36f
1022,6c299b22-ab52-11e9-a2fc-000d3a38a36f
1023,6c2d580a-b4e0-11ea-a78c-000d3a38a36f
1024,6c8b38f2-aaa1-11e9-a2fc-000d3a38a36f
1025,6cbc2738-736d-11ea-92d0-000d3a38a36f
1026,6cd9cf4e-add0-11e9-a2fc-000d3a38a36f
1027,6d07ccc2-a110-11e9-a2fc-000d3a38a36f
1028,6d285c64-5e73-11ea-be5b-000d3a38a36f
1029,6d4dfcda-d68d-11e9-93bc-000d3a38a36f
1030,6d801fbc-aa37-11e9-a2fc-000d3a38a36f
1031,6da3090c-5426-11ea-b1db-000d3a38a36f
1032,6ddc4282-b145-11e9-9757-000d3a38a36f
1033,6df235d0-12ff-11ea-a001-000d3a38a36f
1034,6e020780-7ae1-11eb-8460-000d3a38a36f
1035,6e58fdee-6302-11ea-a6dc-000d3a38a36f
1036,6e6b749e-2313-11ea-8523-000d3a38a36f
1037,6ea2582e-de1c-11e9-957d-000d3a38a36f
1038,6ea3757a-5328-11ea-acd3-000d3a38a36f
1039,6ebaf5a8-a953-11e9-a2fc-000d3a38a36f
1040,6ebf7bc2-a77e-11e9-a2fc-000d3a38a36f
1041,6ec17b74-8cc1-11ea-8f41-000d3a38a36f
1042,6edc4c6a-29c0-11ea-87cc-000d3a38a36f
1043,6ee94212-c4ed-11ea-98f7-000d3a38a36f
1044,6efcfe32-ae60-11e9-a2fc-000d3a38a36f
1045,6f3eb80e-fa5a-11e9-b138-000d3a38a36f
1046,6f3ff5a2-7dcb-11eb-bd59-000d3a38a36f
1047,6f48e270-afa0-11e9-a2fc-000d3a38a36f
1048,6f497880-1f6b-11ea-87bf-000d3a38a36f
1049,6f668972-d6c6-11e9-93bc-000d3a38a36f
1050,6f842ca6-5bb0-11ea-afbe-000d3a38a36f
1051,6f8458be-ac21-11e9-a2fc-000d3a38a36f
1052,6fb06a98-a8a8-11e9-a2fc-000d3a38a36f
1053,7090dfdc-600a-11ea-8dd8-000d3a38a36f
1054,70a45bec-a6b1-11e9-a2fc-000d3a38a36f
1055,70a63eea-5b28-11ea-916a-000d3a38a36f
1056,70b54f90-44e2-11ea-acaf-000d3a38a36f
1057,70c2b010-d6f9-11e9-93bc-000d3a38a36f
1058,70f0fd00-aaf6-11e9-a2fc-000d3a38a36f
1059,71251790-ac57-11e9-a2fc-000d3a38a36f
1060,713bc57c-a9bd-11e9-a2fc-000d3a38a36f
1061,713f9c9e-4f33-11ea-99ba-000d3a38a36f
1062,71423cb4-a51b-11e9-a2fc-000d3a38a36f
1063,71d935ba-2c07-11ea-91ab-000d3a38a36f
1064,71ecbc32-49a5-11ea-8a4f-000d3a38a36f
1065,7209b23c-63aa-11ea-a6dc-000d3a38a36f
1066,724cb758-63a0-11ea-a6dc-000d3a38a36f
1067,72858228-545e-11ea-b1db-000d3a38a36f
1068,7287295c-9e6f-11e9-9897-000d3a38a36f
1069,729eca82-ad31-11e9-a2fc-000d3a38a36f
1070,72b51790-b1e8-11e9-89fa-000d3a38a36f
1071,72c5c64e-4e7d-11ea-99ba-000d3a38a36f
1072,72df9d80-f82e-11e9-b138-000d3a38a36f
1073,72f46e22-591c-11eb-9e65-000d3a38a36f
1074,72f63fe8-dc96-11ea-9c1f-000d3a38a36f
1075,733ff2de-4e5a-11ea-99ba-000d3a38a36f
1076,737c6a06-5446-11ea-b1db-000d3a38a36f
1077,738a9978-a7c1-11e9-a2fc-000d3a38a36f
1078,7393d678-a6e0-11e9-a2fc-000d3a38a36f
1079,73b12a38-49e2-11eb-806e-000d3a38a36f
1080,73b4c58c-3dac-11ea-9e19-000d3a38a36f
1081,73bb8d64-d67c-11e9-93bc-000d3a38a36f
1082,73f51736-a545-11e9-a2fc-000d3a38a36f
1083,73fdeb84-e952-11ea-8145-000d3a38a36f
1084,741362d4-7053-11ea-b40c-000d3a38a36f
1085,7427c896-a2e5-11e9-a2fc-000d3a38a36f
1086,743ec16e-ede9-11e9-88c1-000d3a38a36f
1087,744eb3b2-d697-11e9-93bc-000d3a38a36f
1088,74987906-5bd6-11ea-b37c-000d3a38a36f
1089,74a8d1b6-7d5f-11ea-80af-000d3a38a36f
1090,74baff56-52fa-11ea-9ade-000d3a38a36f
1091,74ddd00c-a8b5-11e9-a2fc-000d3a38a36f
1092,74e08d74-b067-11e9-9757-000d3a38a36f
1093,74e176ca-ffbe-11e9-a5e8-000d3a38a36f
1094,752392b4-d7bc-11e9-93bc-000d3a38a36f
1095,752726b6-a1b3-11e9-a2fc-000d3a38a36f
1096,752a0a26-23c6-11ea-8523-000d3a38a36f
1097,75467e02-5b4a-11ea-9cce-000d3a38a36f
1098,75590bee-acd6-11e9-a2fc-000d3a38a36f
1099,756fffd0-9f47-11e9-9897-000d3a38a36f
1100,75755c3c-98e8-11ea-b97a-000d3a38a36f
1101,75aa27e4-aff7-11e9-9757-000d3a38a36f
1102,75aea3d4-a8fb-11ea-8479-000d3a38a36f
1103,75b3a072-9e76-11e9-9897-000d3a38a36f
1104,75e03310-b11a-11e9-9757-000d3a38a36f
1105,7604ee6a-da39-11e9-93bc-000d3a38a36f
1106,768bfdfa-9a8d-11ea-9fd8-000d3a38a36f
1107,76ba030c-2643-11eb-8a9b-000d3a38a36f
1108,76d590f6-4474-11ea-8b43-000d3a38a36f
1109,774e93d6-a8dc-11e9-a2fc-000d3a38a36f
1110,7750afc4-a1c8-11e9-a2fc-000d3a38a36f
1111,77570484-97ca-11ea-9d91-000d3a38a36f
1112,775a5aa2-ab22-11e9-a2fc-000d3a38a36f
1113,7761d014-e539-11ea-b769-000d3a38a36f
1114,777c4900-1a3a-11ea-941b-000d3a38a36f
1115,77a0a176-4359-11eb-806e-000d3a38a36f
1116,77a952d4-5b4d-11ea-80fd-000d3a38a36f
1117,77aef642-aa60-11e9-a2fc-000d3a38a36f
1118,77c4e132-ae52-11e9-a2fc-000d3a38a36f
1119,77c6f548-2743-11ea-aaaa-000d3a38a36f
1120,77e69260-cc19-11ea-b305-000d3a38a36f
1121,77f8c672-a6d8-11e9-a2fc-000d3a38a36f
1122,77fa07fa-b018-11e9-9757-000d3a38a36f
1123,77fed336-5b06-11ea-a76e-000d3a38a36f
1124,784cf028-aab9-11e9-a2fc-000d3a38a36f
1125,78618bb6-1e57-11ea-8bf2-000d3a38a36f
1126,786bf5d8-2226-11ea-8523-000d3a38a36f
1127,786ffbf6-beac-11ea-958c-000d3a38a36f
1128,789925f4-e508-11e9-ad00-000d3a38a36f
1129,78c37862-a99f-11e9-a2fc-000d3a38a36f
1130,7910f1b6-b1f9-11e9-89fa-000d3a38a36f
1131,792b873a-5bd9-11ea-aa71-000d3a38a36f
1132,794d341e-2215-11ea-ba6f-000d3a38a36f
1133,79791fce-5439-11ea-b1db-000d3a38a36f
1134,797d6294-876c-11ea-ace9-000d3a38a36f
1135,79853f36-a2b7-11e9-a2fc-000d3a38a36f
1136,79b442ba-e918-11ea-8145-000d3a38a36f
1137,79dde952-ad2e-11e9-a2fc-000d3a38a36f
1138,7a08ed9e-94a2-11ea-85df-000d3a38a36f
1139,7a568820-af05-11e9-a2fc-000d3a38a36f
1140,7aaf3da2-a53d-11e9-a2fc-000d3a38a36f
1141,7ab76d82-619e-11eb-add3-000d3a38a36f
1142,7aff7b54-abc4-11e9-a2fc-000d3a38a36f
1143,7b34af80-b04d-11e9-9757-000d3a38a36f
1144,7b750fe2-5bcb-11ea-bfee-000d3a38a36f
1145,7b9a7fc8-a395-11e9-a2fc-000d3a38a36f
1146,7b9d82f2-5b0c-11ea-8c8e-000d3a38a36f
1147,7b9ea0f6-b16b-11e9-89fa-000d3a38a36f
1148,7ba60388-1eb1-11ea-aa32-000d3a38a36f
1149,7bb50fd2-a502-11e9-a2fc-000d3a38a36f
1150,7bdccb84-b507-11e9-9c4b-000d3a38a36f
1151,7be69a80-ac2c-11e9-a2fc-000d3a38a36f
1152,7bed39ec-ab75-11e9-a2fc-000d3a38a36f
1153,7bf5f6c6-9d02-11e9-9897-000d3a38a36f
1154,7c1f1696-aebe-11e9-a2fc-000d3a38a36f
1155,7c5db788-5b08-11ea-a803-000d3a38a36f
1156,7c6761b2-aa40-11e9-a2fc-000d3a38a36f
1157,7c7addd8-b254-11ea-b736-000d3a38a36f
1158,7c9b3e10-72db-11ea-92d0-000d3a38a36f
1159,7cb1c37c-a169-11e9-a2fc-000d3a38a36f
1160,7cc254d6-2502-11ea-bf27-000d3a38a36f
1161,7cc29df0-a187-11e9-a2fc-000d3a38a36f
1162,7cd5f6c4-2bd5-11ea-91ab-000d3a38a36f
1163,7ce3629c-75f8-11ea-b23f-000d3a38a36f
1164,7ce4ab44-9893-11ea-b97a-000d3a38a36f
1165,7cefecc8-27b6-11ea-aaaa-000d3a38a36f
1166,7d2724c2-ae3f-11e9-a2fc-000d3a38a36f
1167,7d59facc-a8e6-11e9-a2fc-000d3a38a36f
1168,7d64e640-aec1-11e9-a2fc-000d3a38a36f
1169,7d6f495e-49db-11ea-8a4f-000d3a38a36f
1170,7d7961be-a7e2-11e9-a2fc-000d3a38a36f
1171,7dc17caa-6f52-11ea-b40c-000d3a38a36f
1172,7e29a3bc-acdd-11e9-a2fc-000d3a38a36f
1173,7e4a1952-a6e9-11e9-a2fc-000d3a38a36f
1174,7e7e040a-15e4-11ea-aa74-000d3a38a36f
1175,7e7fd704-6ecf-11eb-bdb8-000d3a38a36f
1176,7e9d2590-a953-11e9-a2fc-000d3a38a36f
1177,7ea8c78a-f68b-11e9-841e-000d3a38a36f
1178,7ebbf8b2-2e05-11ea-9ad5-000d3a38a36f
1179,7ed25e5e-894f-11ea-9c02-000d3a38a36f
1180,7ee9668e-9d10-11e9-9897-000d3a38a36f
1181,7ee9fab2-6ba5-11eb-b5d7-000d3a38a36f
1182,7f195c0c-9df8-11e9-9897-000d3a38a36f
1183,7f1bd3e6-3142-11ea-b884-000d3a38a36f
1184,7f4462a6-a1b5-11e9-a2fc-000d3a38a36f
1185,7f6b8a4c-aaad-11e9-a2fc-000d3a38a36f
1186,7f97d294-d6bf-11e9-93bc-000d3a38a36f
1187,7fabb2aa-a89d-11e9-a2fc-000d3a38a36f
1188,7faeeeca-8cae-11ea-8f41-000d3a38a36f
1189,7fbe759c-18ec-11ea-9213-000d3a38a36f
1190,7fd5e7dc-b0f9-11e9-9757-000d3a38a36f
1191,8007dd34-ddb6-11e9-9cd3-000d3a38a36f
1192,8011e4a2-1e96-11ea-aa32-000d3a38a36f
1193,801406f6-af65-11e9-a2fc-000d3a38a36f
1194,80217efa-a3ba-11e9-a2fc-000d3a38a36f
1195,80381a0c-9d9d-11e9-9897-000d3a38a36f
1196,805d1364-ee08-11e9-9346-000d3a38a36f
1197,8065d526-7fa8-11ea-80af-000d3a38a36f
1198,806da518-a1cc-11e9-a2fc-000d3a38a36f
1199,808005da-a511-11e9-a2fc-000d3a38a36f
1200,80a5c33e-a92f-11e9-a2fc-000d3a38a36f
1201,80cae25e-48e8-11eb-806e-000d3a38a36f
1202,80ed220e-af0d-11e9-a2fc-000d3a38a36f
1203,80ee9966-3fce-11ea-aa6b-000d3a38a36f
1204,813547ac-296c-11eb-b280-000d3a38a36f
1205,81355b96-98f5-11ea-b97a-000d3a38a36f
1206,81403348-a406-11e9-a2fc-000d3a38a36f
1207,81565fbc-a792-11e9-a2fc-000d3a38a36f
1208,81831074-d6d2-11e9-93bc-000d3a38a36f
1209,81cff75e-98ec-11ea-b97a-000d3a38a36f
1210,81dbdff2-a4a4-11e9-a2fc-000d3a38a36f
1211,81ef8ec8-4d80-11ea-9655-000d3a38a36f
1212,81f376de-490f-11ea-b6c0-000d3a38a36f
1213,820b978c-31ee-11eb-860c-000d3a38a36f
1214,821f0d90-8ee5-11eb-8cb8-000d3a38a36f
1215,8238996a-3ede-11eb-806e-000d3a38a36f
1216,82a46650-1198-11ea-846f-000d3a38a36f
1217,82badfc6-710f-11ea-ad37-000d3a38a36f
1218,82cda798-ae62-11e9-a2fc-000d3a38a36f
1219,82e54a2c-7371-11ea-92d0-000d3a38a36f
1220,82fb0c9e-7101-11ea-ad37-000d3a38a36f
1221,83338bf0-1242-11ea-a001-000d3a38a36f
1222,8337762c-5642-11ea-b9b9-000d3a38a36f
1223,834a3f30-afc8-11e9-9757-000d3a38a36f
1224,8356ecac-ab69-11e9-a2fc-000d3a38a36f
1225,8370f4c6-9e0d-11e9-9897-000d3a38a36f
1226,8386f19e-9ecc-11e9-9897-000d3a38a36f
1227,8388e810-1c33-11eb-8d74-000d3a38a36f
1228,838ff78e-b002-11e9-9757-000d3a38a36f
1229,83a254a6-7073-11ea-8369-000d3a38a36f
1230,8420d0ce-5bec-11ea-ac86-000d3a38a36f
1231,8470294c-752a-11ea-b23f-000d3a38a36f
1232,848ec38c-98ae-11ea-b97a-000d3a38a36f
1233,84dc58b6-aaf4-11e9-a2fc-000d3a38a36f
1234,850dc6be-29c8-11ea-87cc-000d3a38a36f
1235,85352c22-5b55-11ea-ae44-000d3a38a36f
1236,8552e876-a385-11e9-a2fc-000d3a38a36f
1237,85847168-edf2-11e9-9346-000d3a38a36f
1238,85853c62-51d2-11ea-a243-000d3a38a36f
1239,8585aeca-a6c6-11e9-a2fc-000d3a38a36f
1240,8586047e-abb2-11e9-a2fc-000d3a38a36f
1241,85cb3e36-a8dd-11e9-a2fc-000d3a38a36f
1242,85faf63a-9f8c-11e9-a2fc-000d3a38a36f
1243,8601417c-b033-11e9-9757-000d3a38a36f
1244,861090c6-a923-11e9-a2fc-000d3a38a36f
1245,863c7fe4-a859-11e9-a2fc-000d3a38a36f
1246,86f20090-3fca-11ea-aa6b-000d3a38a36f
1247,870b6044-9c54-11ea-a27a-000d3a38a36f
1248,87498558-9d9b-11e9-9897-000d3a38a36f
1249,8754c04e-aaa7-11e9-a2fc-000d3a38a36f
1250,875cbe12-665d-11ea-82da-000d3a38a36f
1251,87f5bab0-665b-11ea-82da-000d3a38a36f
1252,87f973e8-ff0f-11e9-a5e8-000d3a38a36f
1253,880a4c80-9786-11ea-a9c8-000d3a38a36f
1254,882bd402-fb0c-11e9-b138-000d3a38a36f
1255,8853a1c4-9fa1-11e9-a2fc-000d3a38a36f
1256,8884c4ba-8506-11eb-bceb-000d3a38a36f
1257,88cb9776-a373-11e9-a2fc-000d3a38a36f
1258,88cff9e4-a763-11e9-a2fc-000d3a38a36f
1259,88f0600a-2849-11ea-b87a-000d3a38a36f
1260,89050dcc-dd69-11ea-9c1f-000d3a38a36f
1261,8914c0b8-5b42-11ea-b332-000d3a38a36f
1262,895af56a-5b92-11ea-9caa-000d3a38a36f
1263,8970a244-5721-11eb-9e65-000d3a38a36f
1264,89784bc0-a570-11e9-a2fc-000d3a38a36f
1265,899c2e5e-1320-11eb-8ffc-000d3a38a36f
1266,89cc504e-9cf0-11ea-a27a-000d3a38a36f
1267,8a021212-664d-11ea-82da-000d3a38a36f
1268,8a29741a-a4f6-11e9-a2fc-000d3a38a36f
1269,8a3a8022-ae9f-11e9-a2fc-000d3a38a36f
1270,8a513242-a6eb-11e9-a2fc-000d3a38a36f
1271,8a88bcbc-addf-11e9-a2fc-000d3a38a36f
1272,8af3d094-ac75-11e9-a2fc-000d3a38a36f
1273,8b27418a-b040-11e9-9757-000d3a38a36f
1274,8b6ef8c2-6260-11ea-9861-000d3a38a36f
1275,8b80edc6-9748-11ea-a9c8-000d3a38a36f
1276,8b829248-5b20-11ea-ba36-000d3a38a36f
1277,8bbe62b0-9da1-11e9-9897-000d3a38a36f
1278,8bcef146-fcc1-11e9-a5e8-000d3a38a36f
1279,8bd258a8-987b-11ea-9d91-000d3a38a36f
1280,8c10dada-99cd-11ea-a274-000d3a38a36f
1281,8c1a36d6-29fa-11ea-87cc-000d3a38a36f
1282,8c4f2812-1edf-11ea-81ff-000d3a38a36f
1283,8ca9543a-4e7e-11ea-99ba-000d3a38a36f
1284,8cf14426-8546-11ea-80af-000d3a38a36f
1285,8d18a236-2485-11ea-bf27-000d3a38a36f
1286,8d280312-4b35-11ea-a626-000d3a38a36f
1287,8d45b7fa-b0a7-11e9-9757-000d3a38a36f
1288,8d54c2e2-a0d8-11e9-a2fc-000d3a38a36f
1289,8d54cf34-1c17-11ea-ac4f-000d3a38a36f
1290,8d58d24a-a792-11e9-a2fc-000d3a38a36f
1291,8d601e88-1e48-11ea-8bf2-000d3a38a36f
1292,8d83f104-d60a-11e9-93bc-000d3a38a36f
1293,8d883b0e-627f-11ea-9861-000d3a38a36f
1294,8dd5eaf2-f5af-11ea-a533-000d3a38a36f
1295,8e170550-55db-11eb-9e65-000d3a38a36f
1296,8e363296-1a3a-11ea-941b-000d3a38a36f
1297,8e4d84f8-47c8-11ea-b6c0-000d3a38a36f
1298,8e50cca6-1aed-11ea-98d5-000d3a38a36f
1299,8e5ca6f2-a423-11e9-a2fc-000d3a38a36f
1300,8e8ea862-1860-11ea-9213-000d3a38a36f
1301,8e946800-d883-11e9-93bc-000d3a38a36f
1302,8ee32436-5bdc-11ea-8dde-000d3a38a36f
1303,8ee5ed26-194f-11ea-b6a2-000d3a38a36f
1304,8ef66144-a585-11e9-a2fc-000d3a38a36f
1305,8f25fc60-9f5e-11e9-a2fc-000d3a38a36f
1306,8f466e4a-a739-11e9-a2fc-000d3a38a36f
1307,8f537b44-8ae0-11eb-84a8-000d3a38a36f
1308,8f629eae-3a63-11ea-85d6-000d3a38a36f
1309,8f775632-b05b-11ea-b736-000d3a38a36f
1310,8fce8e24-a31f-11e9-a2fc-000d3a38a36f
1311,9009290e-6196-11ea-8dd8-000d3a38a36f
1312,9096f738-9d75-11e9-9897-000d3a38a36f
1313,90f8249a-a6fd-11e9-a2fc-000d3a38a36f
1314,910432aa-8e35-11eb-abb9-000d3a38a36f
1315,91212c22-ad43-11e9-a2fc-000d3a38a36f
1316,91534184-f5b5-11e9-841e-000d3a38a36f
1317,918a082e-a5b3-11e9-a2fc-000d3a38a36f
1318,91b165ee-a717-11e9-a2fc-000d3a38a36f
1319,92650e9c-c821-11ea-a167-000d3a38a36f
1320,9273e2c2-1f6c-11ea-87bf-000d3a38a36f
1321,9296abbc-712f-11ea-adca-000d3a38a36f
1322,92c667ac-1177-11ea-9f3a-000d3a38a36f
1323,92cd376a-a9d7-11e9-a2fc-000d3a38a36f
1324,92e8ebc6-f30c-11e9-9346-000d3a38a36f
1325,92eda450-f973-11e9-b138-000d3a38a36f
1326,9318acb4-f134-11e9-9346-000d3a38a36f
1327,93389974-5b2a-11ea-8b00-000d3a38a36f
1328,9361b87e-f133-11e9-9346-000d3a38a36f
1329,93aac764-515d-11ea-99ba-000d3a38a36f
1330,93b053f6-0e08-11eb-8ffc-000d3a38a36f
1331,93fa6ecc-11ed-11ea-916f-000d3a38a36f
1332,94043018-b06a-11e9-9757-000d3a38a36f
1333,94204bce-397f-11ea-85d6-000d3a38a36f
1334,944e4f0a-a583-11e9-a2fc-000d3a38a36f
1335,9452416a-9d6c-11e9-9897-000d3a38a36f
1336,946932be-a3cd-11e9-a2fc-000d3a38a36f
1337,947a41b4-a416-11e9-a2fc-000d3a38a36f
1338,947d8eb0-d70a-11e9-93bc-000d3a38a36f
1339,9480650e-a23a-11e9-a2fc-000d3a38a36f
1340,949e6442-62f5-11ea-a6dc-000d3a38a36f
1341,94b26692-ab79-11e9-a2fc-000d3a38a36f
1342,94d50848-a866-11e9-a2fc-000d3a38a36f
1343,94e625d4-4365-11ea-8b43-000d3a38a36f
1344,94e73edc-7e66-11eb-8a68-000d3a38a36f
1345,952ce3aa-23e1-11ea-8523-000d3a38a36f
1346,95546a28-ab5b-11e9-a2fc-000d3a38a36f
1347,955b2dc2-97eb-11ea-9d91-000d3a38a36f
1348,95a0fd42-fee5-11e9-a5e8-000d3a38a36f
1349,95a55e4c-d60d-11e9-93bc-000d3a38a36f
1350,95b66ac2-b016-11eb-bbf8-000d3a38a36f
1351,95ba7d78-2bd9-11ea-91ab-000d3a38a36f
1352,95cc7530-5bc4-11ea-81ca-000d3a38a36f
1353,95ed15a2-9da0-11e9-9897-000d3a38a36f
1354,95f10a0a-1b71-11ea-9812-000d3a38a36f
1355,95f4bdac-9d00-11e9-9897-000d3a38a36f
1356,961295e2-aad0-11e9-a2fc-000d3a38a36f
1357,9613613c-c9d0-11ea-a31e-000d3a38a36f
1358,96156f46-12e6-11ea-a001-000d3a38a36f
1359,96506a7a-0b41-11eb-8ffc-000d3a38a36f
1360,96551d50-9f1c-11e9-9897-000d3a38a36f
1361,9660c0c6-4f00-11ea-99ba-000d3a38a36f
1362,96836ce6-bbb8-11ea-a0c9-000d3a38a36f
1363,96b4aed0-2b5a-11ea-9d27-000d3a38a36f
1364,96baa854-ade6-11e9-a2fc-000d3a38a36f
1365,96ddaeee-aaa3-11e9-a2fc-000d3a38a36f
1366,96dec120-e22a-11ea-8839-000d3a38a36f
1367,971352dc-52ec-11ea-9ade-000d3a38a36f
1368,978bfbe4-d667-11e9-93bc-000d3a38a36f
1369,979105c8-ae88-11e9-a2fc-000d3a38a36f
1370,97d05b1e-b05f-11e9-9757-000d3a38a36f
1371,97e00730-af60-11e9-a2fc-000d3a38a36f
1372,98170d7a-a0e2-11e9-a2fc-000d3a38a36f
1373,985f83ea-a24d-11e9-a2fc-000d3a38a36f
1374,98ec989a-7d96-11eb-bd59-000d3a38a36f
1375,99051f3a-abe7-11eb-8f64-000d3a299ebf
1376,991dda02-5bed-11ea-a815-000d3a38a36f
1377,9957d1de-0121-11ea-a5e8-000d3a38a36f
1378,9967ed30-9505-11ea-85df-000d3a38a36f
1379,99c5e07a-6521-11ea-bac7-000d3a38a36f
1380,99cc4e14-a979-11ea-b736-000d3a38a36f
1381,99e5fb78-a0d5-11e9-a2fc-000d3a38a36f
1382,99f1b3c8-8e32-11ea-8f41-000d3a38a36f
1383,99f79740-a696-11e9-a2fc-000d3a38a36f
1384,99fada86-ac9f-11e9-a2fc-000d3a38a36f
1385,9a0fe294-63b2-11ea-a6dc-000d3a38a36f
1386,9a1edc54-7d52-11ea-80af-000d3a38a36f
1387,9a8fbf9c-a7af-11e9-a2fc-000d3a38a36f
1388,9ab306e0-9dc9-11e9-9897-000d3a38a36f
1389,9af01fd2-ac54-11e9-a2fc-000d3a38a36f
1390,9b00997a-a10a-11e9-a2fc-000d3a38a36f
1391,9b060f7c-aed9-11e9-a2fc-000d3a38a36f
1392,9b0af96e-a543-11e9-a2fc-000d3a38a36f
1393,9b1ad686-9f5d-11e9-a2fc-000d3a38a36f
1394,9b412648-2111-11ea-b50a-000d3a38a36f
1395,9b735e84-5338-11ea-acd3-000d3a38a36f
1396,9b8e3d42-187e-11eb-8d74-000d3a38a36f
1397,9ba3f154-5b0b-11ea-b815-000d3a38a36f
1398,9bf43ed6-a385-11e9-a2fc-000d3a38a36f
1399,9bfd94f8-a728-11e9-a2fc-000d3a38a36f
1400,9c36b952-5efd-11eb-8dbd-000d3a38a36f
1401,9c575cf4-d70c-11e9-93bc-000d3a38a36f
1402,9c8a5a58-a81f-11e9-a2fc-000d3a38a36f
1403,9ca67390-9da3-11e9-9897-000d3a38a36f
1404,9cb6ab7c-5b3d-11ea-b93c-000d3a38a36f
1405,9cbc03dc-a725-11e9-a2fc-000d3a38a36f
1406,9d333174-5bb0-11ea-b25a-000d3a38a36f
1407,9d3feb84-b1ed-11e9-89fa-000d3a38a36f
1408,9d6afa7e-1217-11ea-a001-000d3a38a36f
1409,9d6b9d50-655c-11eb-add3-000d3a38a36f
1410,9d8ba5d8-2bcd-11ea-91ab-000d3a38a36f
1411,9de867fe-c4e4-11ea-98f7-000d3a38a36f
1412,9e0a2474-136a-11ea-a001-000d3a38a36f
1413,9e10102e-a5c8-11e9-a2fc-000d3a38a36f
1414,9e19e33c-b03c-11e9-9757-000d3a38a36f
1415,9e444422-ad32-11e9-a2fc-000d3a38a36f
1416,9e79f492-d68a-11e9-93bc-000d3a38a36f
1417,9e884562-295d-11ea-b87a-000d3a38a36f
1418,9ea865f8-a6b9-11e9-a2fc-000d3a38a36f
1419,9ec476ce-2a69-11ea-b3a7-000d3a38a36f
1420,9ef1b664-568f-11ea-b9b9-000d3a38a36f
1421,9ef676d2-76cc-11eb-bf95-000d3a38a36f
1422,9f2772d4-2824-11ea-a043-000d3a38a36f
1423,9f63e7f6-a5a6-11e9-a2fc-000d3a38a36f
1424,9f6f6e18-33cc-11eb-9a15-000d3a38a36f
1425,9f78b8c2-d72c-11e9-93bc-000d3a38a36f
1426,9fb8541e-d6b9-11e9-93bc-000d3a38a36f
1427,a00fb874-7516-11eb-afbc-000d3a38a36f
1428,a0203ad6-98ae-11ea-b97a-000d3a38a36f
1429,a02fc600-a989-11e9-a2fc-000d3a38a36f
1430,a050a58e-4207-11ea-96d9-000d3a38a36f
1431,a0912a94-1fb3-11ea-87bf-000d3a38a36f
1432,a09b42b6-d86b-11e9-93bc-000d3a38a36f
1433,a0ab02f6-2bd5-11ea-91ab-000d3a38a36f
1434,a0b2be52-50ff-11ea-99ba-000d3a38a36f
1435,a0ba96c4-48e7-11ea-b6c0-000d3a38a36f
1436,a0fe98b0-132c-11ea-a001-000d3a38a36f
1437,a1298130-4e99-11ea-99ba-000d3a38a36f
1438,a13b31a2-5ba8-11ea-801f-000d3a38a36f
1439,a14da03e-3007-11ea-bb28-000d3a38a36f
1440,a16d79e0-52e4-11ea-9ade-000d3a38a36f
1441,a17545ea-bc60-11ea-aa61-000d3a38a36f
1442,a183c3ac-afdd-11ea-b736-000d3a38a36f
1443,a18bfe92-2f30-11ea-8467-000d3a38a36f
1444,a1c14ffc-a993-11e9-a2fc-000d3a38a36f
1445,a1d14f94-52f6-11ea-9ade-000d3a38a36f
1446,a1d22144-215f-11ea-9618-000d3a38a36f
1447,a1d50bea-5b46-11ea-b5e1-000d3a38a36f
1448,a1f1393e-5bc6-11ea-9213-000d3a38a36f
1449,a2383c34-ab19-11e9-a2fc-000d3a38a36f
1450,a2431332-dca7-11ea-9c1f-000d3a38a36f
1451,a28888d2-b015-11e9-9757-000d3a38a36f
1452,a2995be4-a7cd-11e9-a2fc-000d3a38a36f
1453,a355c24c-ddc0-11e9-a848-000d3a38a36f
1454,a356410e-a16b-11e9-a2fc-000d3a38a36f
1455,a3b42890-1fe3-11ea-87bf-000d3a38a36f
1456,a3ba6b6c-a188-11e9-a2fc-000d3a38a36f
1457,a3d12a60-319b-11eb-adfe-000d3a38a36f
1458,a3f41d48-c767-11ea-b486-000d3a38a36f
1459,a3fe6e62-3d9e-11eb-a48e-000d3a38a36f
1460,a409dc20-4c95-11ea-a626-000d3a38a36f
1461,a44e8200-21af-11ea-9618-000d3a38a36f
1462,a4613768-eabf-11ea-9047-000d3a38a36f
1463,a467c882-98e7-11ea-b97a-000d3a38a36f
1464,a49d05f0-a2e4-11e9-a2fc-000d3a38a36f
1465,a49d7760-b1ee-11e9-89fa-000d3a38a36f
1466,a4a80b36-981f-11ea-9d91-000d3a38a36f
1467,a4bfb076-b001-11e9-9757-000d3a38a36f
1468,a4c17f5e-12fe-11ea-a001-000d3a38a36f
1469,a4ff063c-b154-11e9-9757-000d3a38a36f
1470,a5317354-306d-11ea-bb28-000d3a38a36f
1471,a553c766-f647-11e9-841e-000d3a38a36f
1472,a57b739a-6269-11ea-9861-000d3a38a36f
1473,a57f4302-b1a8-11e9-89fa-000d3a38a36f
1474,a591bc46-5b47-11ea-9f0c-000d3a38a36f
1475,a5b3123e-f142-11e9-9346-000d3a38a36f
1476,a5bdcba2-5b3c-11ea-9931-000d3a38a36f
1477,a5d231aa-a28c-11e9-a2fc-000d3a38a36f
1478,a612dc56-e1ec-11e9-957d-000d3a38a36f
1479,a618bae6-9f51-11e9-9897-000d3a38a36f
1480,a636d22c-98ae-11ea-b97a-000d3a38a36f
1481,a6479baa-a54a-11e9-a2fc-000d3a38a36f
1482,a66ca75c-a314-11e9-a2fc-000d3a38a36f
1483,a687b7cc-3a49-11eb-a48e-000d3a38a36f
1484,a6c4946c-5bf1-11ea-bf7c-000d3a38a36f
1485,a6f88846-b046-11e9-9757-000d3a38a36f
1486,a72903ac-6721-11eb-975c-000d3a38a36f
1487,a740d202-5bba-11ea-b977-000d3a38a36f
1488,a74d0408-a172-11e9-a2fc-000d3a38a36f
1489,a76a0812-a917-11e9-a2fc-000d3a38a36f
1490,a774132e-ace2-11e9-a2fc-000d3a38a36f
1491,a78a0a56-6a02-11eb-b5d7-000d3a38a36f
1492,a80f02e8-3cda-11ea-9e19-000d3a38a36f
1493,a817b7e4-4725-11ea-b6c0-000d3a38a36f
1494,a832ec48-b121-11e9-9757-000d3a38a36f
1495,a8440efc-9d25-11e9-9897-000d3a38a36f
1496,a85989ea-ddc0-11e9-a848-000d3a38a36f
1497,a860c662-62de-11ea-a6dc-000d3a38a36f
1498,a873004e-2b42-11ea-9d27-000d3a38a36f
1499,a87f650a-6de0-11eb-99c4-000d3a38a36f
1500,a8ad11de-a9ca-11e9-a2fc-000d3a38a36f
1501,a8be5320-a53a-11e9-a2fc-000d3a38a36f
1502,a8be615a-b154-11e9-9757-000d3a38a36f
1503,a8ebbad4-594a-11eb-9e65-000d3a38a36f
1504,a91e073e-2537-11ea-bf27-000d3a38a36f
1505,a9354a8a-aff7-11e9-9757-000d3a38a36f
1506,a93880c2-9f28-11e9-9897-000d3a38a36f
1507,a9442c42-b07b-11e9-9757-000d3a38a36f
1508,a9a73efe-5b48-11ea-8bc1-000d3a38a36f
1509,a9ae7084-f4af-11e9-9346-000d3a38a36f
1510,a9bc8016-5b88-11eb-8dbd-000d3a38a36f
1511,a9c2cce0-1a99-11ea-98d5-000d3a38a36f
1512,a9eed2ca-3030-11ea-bb28-000d3a38a36f
1513,aa46e43c-a79c-11e9-a2fc-000d3a38a36f
1514,aa7884de-a32c-11e9-a2fc-000d3a38a36f
1515,aa796de2-50e4-11eb-806e-000d3a38a36f
1516,aaad4a04-2b6f-11ea-9d27-000d3a38a36f
1517,aab17cb8-a39e-11e9-a2fc-000d3a38a36f
1518,aab34774-5338-11ea-acd3-000d3a38a36f
1519,aae10962-d6c8-11e9-93bc-000d3a38a36f
1520,aaf99dbe-2a70-11ea-b3a7-000d3a38a36f
1521,ab02ce80-2a6f-11ea-b3a7-000d3a38a36f
1522,ab0f42f8-b19f-11e9-89fa-000d3a38a36f
1523,ab4bb8f8-9da1-11e9-9897-000d3a38a36f
1524,ab52332e-a1af-11e9-a2fc-000d3a38a36f
1525,ab6e0d78-b051-11e9-9757-000d3a38a36f
1526,ab8fd400-640e-11ea-a6dc-000d3a38a36f
1527,abdb15de-5b1e-11eb-8dbd-000d3a38a36f
1528,ac3ea568-23a2-11ea-8523-000d3a38a36f
1529,acd8b422-5b25-11ea-aa0e-000d3a38a36f
1530,ad0b4f80-8c40-11ea-8f41-000d3a38a36f
1531,ad81d316-a74a-11e9-a2fc-000d3a38a36f
1532,ad86fe1a-aeaa-11e9-a2fc-000d3a38a36f
1533,ad8d7e12-a94f-11e9-a2fc-000d3a38a36f
1534,ad983078-9b25-11ea-a27a-000d3a38a36f
1535,adfb1750-d8f2-11ea-a65b-000d3a38a36f
1536,ae34099c-1dc3-11ea-8bf2-000d3a38a36f
1537,ae843502-a9bf-11e9-a2fc-000d3a38a36f
1538,ae8c45e4-e10f-11e9-957d-000d3a38a36f
1539,ae93ca48-8f29-11eb-8cb8-000d3a38a36f
1540,ae9d7672-b07f-11e9-9757-000d3a38a36f
1541,ae9fa96c-5316-11ea-acd3-000d3a38a36f
1542,aedf55d6-9dfd-11e9-9897-000d3a38a36f
1543,aee373c0-ab70-11e9-a2fc-000d3a38a36f
1544,af016802-ac66-11e9-a2fc-000d3a38a36f
1545,af0d2344-5671-11ea-b9b9-000d3a38a36f
1546,af1c6fb6-fa64-11e9-b138-000d3a38a36f
1547,af31d320-9de8-11e9-9897-000d3a38a36f
1548,af4caa7e-5be8-11ea-ad60-000d3a38a36f
1549,af7bb65c-24c9-11eb-86c1-000d3a38a36f
1550,aff25e70-a106-11ea-9d0a-000d3a38a36f
1551,aff329d2-b645-11ea-b48c-000d3a38a36f
1552,aff4b22e-a7be-11ea-bd63-000d3a38a36f
1553,afffd0da-4924-11ea-bf43-000d3a38a36f
1554,b0085fcc-5688-11ea-b9b9-000d3a38a36f
1555,b008ffda-b1d4-11e9-89fa-000d3a38a36f
1556,b04fa8d6-ac11-11e9-a2fc-000d3a38a36f
1557,b0625668-a214-11e9-a2fc-000d3a38a36f
1558,b086e704-a26b-11eb-bd2d-000d3a38a36f
1559,b088120e-a3ea-11e9-a2fc-000d3a38a36f
1560,b091933c-e959-11ea-8145-000d3a38a36f
1561,b0bb4474-51ca-11ea-a243-000d3a38a36f
1562,b110cae4-5bb0-11ea-ab5e-000d3a38a36f
1563,b11a1306-5bd8-11ea-94c6-000d3a38a36f
1564,b1282826-636a-11ea-a6dc-000d3a38a36f
1565,b1b933c6-ddcc-11e9-a848-000d3a38a36f
1566,b1df58f4-f8d7-11ea-9564-000d3a38a36f
1567,b223f4c4-13bc-11ea-a001-000d3a38a36f
1568,b23c30c0-5e80-11ea-be5b-000d3a38a36f
1569,b24fa7c0-f135-11ea-bde9-000d3a38a36f
1570,b253c4e2-69f1-11eb-b5d7-000d3a38a36f
1571,b260b6a6-a928-11e9-a2fc-000d3a38a36f
1572,b2892fbe-b48a-11ea-a78c-000d3a38a36f
1573,b2ae62b0-b108-11e9-9757-000d3a38a36f
1574,b2cb9636-aa1f-11e9-a2fc-000d3a38a36f
1575,b3a0034c-aa20-11ea-b736-000d3a38a36f
1576,b3ab0b1c-52f9-11ea-9ade-000d3a38a36f
1577,b3ac73c6-39e5-11ea-85d6-000d3a38a36f
1578,b3ca6f8c-a14e-11e9-a2fc-000d3a38a36f
1579,b3cc3792-af02-11e9-a2fc-000d3a38a36f
1580,b3da5dba-a52d-11e9-a2fc-000d3a38a36f
1581,b49613e6-a7d7-11e9-a2fc-000d3a38a36f
1582,b4b9fa3e-a427-11ea-bd63-000d3a38a36f
1583,b4d36720-c048-11ea-9c44-000d3a38a36f
1584,b4d4f454-28aa-11ea-b87a-000d3a38a36f
1585,b508c312-9fb4-11e9-a2fc-000d3a38a36f
1586,b51221d8-ab5c-11e9-a2fc-000d3a38a36f
1587,b514d468-5b52-11ea-85ca-000d3a38a36f
1588,b51e7c0e-b065-11e9-9757-000d3a38a36f
1589,b5366d50-1a73-11ea-941b-000d3a38a36f
1590,b5371866-af0e-11e9-a2fc-000d3a38a36f
1591,b5f047a4-1aa3-11ea-98d5-000d3a38a36f
1592,b60fdd7a-aa83-11e9-a2fc-000d3a38a36f
1593,b65f7554-9db0-11e9-9897-000d3a38a36f
1594,b66d7cce-5bad-11ea-a2d5-000d3a38a36f
1595,b6753218-fa53-11e9-b138-000d3a38a36f
1596,b676edd8-a715-11e9-a2fc-000d3a38a36f
1597,b68167fa-ab60-11e9-a2fc-000d3a38a36f
1598,b69012f4-e824-11e9-8bb8-000d3a38a36f
1599,b69ed95a-a6a3-11e9-a2fc-000d3a38a36f
1600,b6f4ea5c-bc78-11ea-aa61-000d3a38a36f
1601,b6f64a98-a935-11e9-a2fc-000d3a38a36f
1602,b718ae36-2832-11ea-a043-000d3a38a36f
1603,b7323122-a77b-11e9-a2fc-000d3a38a36f
1604,b736e7d6-a18a-11e9-a2fc-000d3a38a36f
1605,b75f9d52-ab53-11e9-a2fc-000d3a38a36f
1606,b790a73a-66e6-11eb-975c-000d3a38a36f
1607,b796de3c-a808-11e9-a2fc-000d3a38a36f
1608,b7a39f54-49ee-11ea-b0b1-000d3a38a36f
1609,b7ca2fdc-53af-11ea-abe0-000d3a38a36f
1610,b7e52490-a5a9-11e9-a2fc-000d3a38a36f
1611,b8243802-575e-11eb-9e65-000d3a38a36f
1612,b860dbd6-a387-11e9-a2fc-000d3a38a36f
1613,b8b1b874-b220-11e9-b5cf-000d3a38a36f
1614,b8d208f4-a9ec-11e9-a2fc-000d3a38a36f
1615,b8d62f64-2778-11eb-8a9b-000d3a38a36f
1616,b8eac8ee-4aa5-11ea-8533-000d3a38a36f
1617,b8fbcb5e-ae0f-11e9-a2fc-000d3a38a36f
1618,b952b604-a71a-11e9-a2fc-000d3a38a36f
1619,b95d210e-b1fe-11e9-89fa-000d3a38a36f
1620,b9c0d254-6657-11ea-82da-000d3a38a36f
1621,b9eb3016-ff29-11e9-a5e8-000d3a38a36f
1622,ba2d14cc-a51a-11e9-a2fc-000d3a38a36f
1623,ba2e54a2-4418-11ea-8b43-000d3a38a36f
1624,ba3c7962-2bcf-11ea-91ab-000d3a38a36f
1625,ba5fc36a-565c-11ea-b9b9-000d3a38a36f
1626,ba8bccea-d717-11e9-93bc-000d3a38a36f
1627,bac6b7f8-1946-11ea-b6a2-000d3a38a36f
1628,badcbd94-bb96-11ea-aed7-000d3a38a36f
1629,bb18e094-51c3-11eb-806e-000d3a38a36f
1630,bb279474-160d-11ea-aa74-000d3a38a36f
1631,bb3452fe-282d-11ea-a043-000d3a38a36f
1632,bb70aed4-a8ee-11e9-a2fc-000d3a38a36f
1633,bb9dbb7e-707e-11ea-8369-000d3a38a36f
1634,bbb5c034-5bd4-11ea-a24a-000d3a38a36f
1635,bbc236ae-9f35-11e9-9897-000d3a38a36f
1636,bbc89b82-53be-11ea-abe0-000d3a38a36f
1637,bbff8a3e-b700-11ea-9e09-000d3a38a36f
1638,bc0d2e9a-769b-11eb-bf95-000d3a38a36f
1639,bc1380e4-1876-11ea-9213-000d3a38a36f
1640,bc53caa0-a5c1-11e9-a2fc-000d3a38a36f
1641,bc5f330e-d60e-11e9-93bc-000d3a38a36f
1642,bcfd3bb4-45b5-11ea-a691-000d3a38a36f
1643,bd156034-ae4a-11e9-a2fc-000d3a38a36f
1644,bd3b0a48-df20-11ea-9c1f-000d3a38a36f
1645,bd4557dc-1369-11eb-8ffc-000d3a38a36f
1646,bd457370-a82b-11e9-a2fc-000d3a38a36f
1647,bd8a2490-abee-11e9-a2fc-000d3a38a36f
1648,bdd91a66-3cb4-11eb-a48e-000d3a38a36f
1649,bdfe42c4-ad35-11e9-a2fc-000d3a38a36f
1650,be13eba0-4827-11ea-b6c0-000d3a38a36f
1651,be1d02ae-134c-11ea-a001-000d3a38a36f
1652,be90aea4-9dd9-11e9-9897-000d3a38a36f
1653,bef9167e-416c-11ea-96d9-000d3a38a36f
1654,bf714d6a-c795-11ea-b753-000d3a38a36f
1655,bfc0d056-d0c3-11ea-8b59-000d3a38a36f
1656,bfedd2f0-a58a-11e9-a2fc-000d3a38a36f
1657,bff1a1aa-d65e-11e9-93bc-000d3a38a36f
1658,bff3ce7a-a5a9-11e9-a2fc-000d3a38a36f
1659,c0320ee6-bf76-11ea-a18f-000d3a38a36f
1660,c0459230-a222-11e9-a2fc-000d3a38a36f
1661,c1001398-aef8-11e9-a2fc-000d3a38a36f
1662,c10a7948-9e3e-11e9-9897-000d3a38a36f
1663,c1800c2e-6540-11eb-add3-000d3a38a36f
1664,c1d1894a-1eed-11ea-81ff-000d3a38a36f
1665,c1dab084-9859-11ea-9d91-000d3a38a36f
1666,c1f0a998-15e6-11ea-aa74-000d3a38a36f
1667,c1f802b2-22ae-11eb-99f8-000d3a38a36f
1668,c28a5b5e-ade2-11e9-a2fc-000d3a38a36f
1669,c325eada-a8d1-11e9-a2fc-000d3a38a36f
1670,c345c868-15e7-11ea-aa74-000d3a38a36f
1671,c34a3232-36f1-11eb-a48e-000d3a38a36f
1672,c3648134-a99c-11e9-a2fc-000d3a38a36f
1673,c36e6408-a1d8-11ea-9c18-000d3a38a36f
1674,c3740548-aa80-11e9-a2fc-000d3a38a36f
1675,c3837ff4-a7a2-11e9-a2fc-000d3a38a36f
1676,c3881962-31ab-11eb-81a1-000d3a38a36f
1677,c3ef0a92-b113-11e9-9757-000d3a38a36f
1678,c42482e6-e5dc-11e9-ad00-000d3a38a36f
1679,c4375d7a-5428-11ea-b1db-000d3a38a36f
1680,c469f9d2-a7db-11e9-a2fc-000d3a38a36f
1681,c4876510-b002-11e9-9757-000d3a38a36f
1682,c48840a2-a4b3-11e9-a2fc-000d3a38a36f
1683,c49e033e-a0e3-11e9-a2fc-000d3a38a36f
1684,c4a6cb86-a7e6-11e9-a2fc-000d3a38a36f
1685,c4b363d4-c6c4-11ea-9d14-000d3a38a36f
1686,c4bae218-a7ac-11e9-a2fc-000d3a38a36f
1687,c55d5d18-a851-11e9-a2fc-000d3a38a36f
1688,c57e4f52-9f5d-11e9-a2fc-000d3a38a36f
1689,c5a45aaa-a7da-11e9-a2fc-000d3a38a36f
1690,c5ec20d0-ffb2-11e9-a5e8-000d3a38a36f
1691,c644de38-a106-11e9-a2fc-000d3a38a36f
1692,c659fd8e-3266-11eb-ad60-000d3a38a36f
1693,c672b388-d71d-11e9-93bc-000d3a38a36f
1694,c685c602-f676-11ea-a533-000d3a38a36f
1695,c6d098e2-af9d-11e9-a2fc-000d3a38a36f
1696,c713e3ca-b3a9-11ea-8745-000d3a38a36f
1697,c72fcc38-2e6b-11eb-8062-000d3a299ebf
1698,c781115e-d6da-11e9-93bc-000d3a38a36f
1699,c786013a-6629-11ea-82da-000d3a38a36f
1700,c7ba1696-b16b-11e9-89fa-000d3a38a36f
1701,c7ca09a0-98d0-11ea-b97a-000d3a38a36f
1702,c7d89292-d6be-11e9-93bc-000d3a38a36f
1703,c7f94642-aa89-11e9-a2fc-000d3a38a36f
1704,c86258e2-ad65-11e9-a2fc-000d3a38a36f
1705,c899bec6-1f21-11ea-87bf-000d3a38a36f
1706,c89e0022-235c-11eb-99f8-000d3a38a36f
1707,c8cdae6c-9dd4-11e9-9897-000d3a38a36f
1708,c8ecc4ce-b214-11e9-89fa-000d3a38a36f
1709,c90a097c-aecb-11e9-a2fc-000d3a38a36f
1710,c96a6c60-53c4-11ea-abe0-000d3a38a36f
1711,c97ea23c-5bbe-11ea-bfb1-000d3a38a36f
1712,c9c3e8aa-9aa8-11ea-9fd8-000d3a38a36f
1713,ca00a580-8d22-11ea-8f41-000d3a38a36f
1714,ca4338c8-a939-11e9-a2fc-000d3a38a36f
1715,ca8d67d0-d892-11e9-93bc-000d3a38a36f
1716,caaf868e-4035-11ea-aa6b-000d3a38a36f
1717,cab62da0-1fe6-11ea-87bf-000d3a38a36f
1718,caeec21a-a9bb-11e9-a2fc-000d3a38a36f
1719,caf5a946-acee-11e9-a2fc-000d3a38a36f
1720,cb6e3138-60c9-11ea-8dd8-000d3a38a36f
1721,cb8bc358-5334-11ea-acd3-000d3a38a36f
1722,cc00176e-ff27-11e9-a5e8-000d3a38a36f
1723,cc7a9380-a91a-11e9-a2fc-000d3a38a36f
1724,cd18ed28-7ee9-11ea-80af-000d3a38a36f
1725,cd9f4a0c-e4f3-11e9-ad00-000d3a38a36f
1726,ce4e67c8-a103-11e9-a2fc-000d3a38a36f
1727,cea000ca-29ce-11ea-87cc-000d3a38a36f
1728,cf352dae-aa20-11e9-a2fc-000d3a38a36f
1729,cf3ec03e-1191-11ea-846f-000d3a38a36f
1730,cfcface2-985b-11ea-9d91-000d3a38a36f
1731,cfdf1d42-9fac-11e9-a2fc-000d3a38a36f
1732,cfdf4856-9f95-11e9-a2fc-000d3a38a36f
1733,d0038846-ae41-11e9-a2fc-000d3a38a36f
1734,d014a9f4-c507-11ea-b1fc-000d3a38a36f
1735,d02cea9a-a466-11e9-a2fc-000d3a38a36f
1736,d0602ae0-74f9-11ea-bb48-000d3a38a36f
1737,d065cee0-5286-11ea-8850-000d3a38a36f
1738,d0935f18-1875-11ea-9213-000d3a38a36f
1739,d0c71ac8-ab4d-11e9-a2fc-000d3a38a36f
1740,d0d67204-28f0-11ea-b87a-000d3a38a36f
1741,d0f92dda-ace0-11e9-a2fc-000d3a38a36f
1742,d17299e0-a213-11e9-a2fc-000d3a38a36f
1743,d17396a6-40bf-11ea-82e1-000d3a38a36f
1744,d184d764-ae65-11e9-a2fc-000d3a38a36f
1745,d1981752-6085-11ea-8dd8-000d3a38a36f
1746,d1c0ba24-1ec0-11ea-aa32-000d3a38a36f
1747,d1f0272c-9d11-11e9-9897-000d3a38a36f
1748,d2238304-619e-11ea-8dd8-000d3a38a36f
1749,d26ee454-283f-11ea-b87a-000d3a38a36f
1750,d324e5b4-ac9e-11e9-a2fc-000d3a38a36f
1751,d3db8f04-1358-11eb-8ffc-000d3a38a36f
1752,d413910c-2739-11eb-8a9b-000d3a38a36f
1753,d4318bce-dddb-11e9-a848-000d3a38a36f
1754,d4336f1a-a993-11e9-a2fc-000d3a38a36f
1755,d47ab492-7fc6-11ea-80af-000d3a38a36f
1756,d49038da-5b4f-11ea-b504-000d3a38a36f
1757,d4c5f3b0-ada5-11e9-a2fc-000d3a38a36f
1758,d4ec867c-a352-11e9-a2fc-000d3a38a36f
1759,d4f505e2-ae7c-11e9-a2fc-000d3a38a36f
1760,d5140e60-9f40-11e9-9897-000d3a38a36f
1761,d54cfa28-410b-11ea-8359-000d3a38a36f
1762,d56b4b6c-9f95-11e9-a2fc-000d3a38a36f
1763,d581ff1e-8635-11eb-a98a-000d3a38a36f
1764,d582c4f6-a7db-11e9-a2fc-000d3a38a36f
1765,d6b0e00a-5bf0-11ea-87ea-000d3a38a36f
1766,d6ea1074-f1f5-11e9-9346-000d3a38a36f
1767,d7388130-48e0-11eb-806e-000d3a38a36f
1768,d7421110-ab0b-11e9-a2fc-000d3a38a36f
1769,d76ce87e-ab27-11e9-a2fc-000d3a38a36f
1770,d79253d6-a7f6-11e9-a2fc-000d3a38a36f
1771,d7a7d86c-d6a1-11e9-93bc-000d3a38a36f
1772,d7d0581e-a596-11e9-a2fc-000d3a38a36f
1773,d88ef504-42d9-11ea-8b43-000d3a38a36f
1774,d893eebe-afbe-11e9-9757-000d3a38a36f
1775,d89e7f00-229b-11ea-8523-000d3a38a36f
1776,d8b5382a-d620-11e9-93bc-000d3a38a36f
1777,d8cc6490-9e18-11e9-9897-000d3a38a36f
1778,d8fef74a-a564-11e9-a2fc-000d3a38a36f
1779,d96bfadc-b218-11e9-b5cf-000d3a38a36f
1780,d96c379a-a967-11e9-a2fc-000d3a38a36f
1781,d97929dc-afe8-11e9-9757-000d3a38a36f
1782,d97fadf0-aa13-11e9-a2fc-000d3a38a36f
1783,da51bcce-ab89-11e9-a2fc-000d3a38a36f
1784,daa560bc-aeff-11e9-a2fc-000d3a38a36f
1785,dabc03a8-acc5-11e9-a2fc-000d3a38a36f
1786,db3dfe40-ace2-11e9-a2fc-000d3a38a36f
1787,db5a72a0-aaad-11e9-a2fc-000d3a38a36f
1788,db5cdd42-5051-11eb-806e-000d3a38a36f
1789,dcb3aab6-a168-11e9-a2fc-000d3a38a36f
1790,dce5c4fe-ab4c-11e9-a2fc-000d3a38a36f
1791,dd1903c6-afea-11e9-9757-000d3a38a36f
1792,dd873850-a6d5-11e9-a2fc-000d3a38a36f
1793,dda4711e-ff12-11e9-a5e8-000d3a38a36f
1794,de06bdfa-62a5-11ea-9861-000d3a38a36f
1795,de595f94-5bc8-11ea-9284-000d3a38a36f
1796,ded9c78e-6b80-11ea-9c62-000d3a38a36f
1797,df2c7c02-1957-11ea-b6a2-000d3a38a36f
1798,dfb7fef6-b054-11e9-9757-000d3a38a36f
1799,dfdce232-1b31-11ea-a050-000d3a38a36f
1800,e07956f0-5bf3-11ea-be6b-000d3a38a36f
1801,e094abac-8a07-11ea-8ec0-000d3a38a36f
1802,e0b1d99a-28ee-11ea-b87a-000d3a38a36f
1803,e0cce662-a483-11e9-a2fc-000d3a38a36f
1804,e0e4ee04-12a3-11ea-a001-000d3a38a36f
1805,e10c7aac-d6f1-11e9-93bc-000d3a38a36f
1806,e121962c-e482-11ea-b769-000d3a38a36f
1807,e12381d8-a69b-11e9-a2fc-000d3a38a36f
1808,e189123a-ad32-11e9-a2fc-000d3a38a36f
1809,e1c871d6-609d-11ea-8dd8-000d3a38a36f
1810,e2294c0c-d1ba-11ea-b0fc-000d3a38a36f
1811,e26af702-51b1-11eb-806e-000d3a38a36f
1812,e26e7c7e-9efc-11e9-9897-000d3a38a36f
1813,e2add7f0-57da-11eb-9e65-000d3a38a36f
1814,e2b60dfe-5bb8-11ea-b045-000d3a38a36f
1815,e2b71cc4-b039-11e9-9757-000d3a38a36f
1816,e2e3578c-30b0-11eb-8deb-000d3a38a36f
1817,e2e844cc-7099-11ea-8021-000d3a38a36f
1818,e30c10ec-ab95-11e9-a2fc-000d3a38a36f
1819,e35bbd56-240b-11ea-a30f-000d3a38a36f
1820,e3a7491e-60d9-11ea-8dd8-000d3a38a36f
1821,e4348a10-ac96-11e9-a2fc-000d3a38a36f
1822,e472e60e-15e9-11ea-aa74-000d3a38a36f
1823,e4dfcea8-b05f-11e9-9757-000d3a38a36f
1824,e55bcd70-abf8-11e9-a2fc-000d3a38a36f
1825,e5c371a0-531e-11ea-acd3-000d3a38a36f
1826,e5c6722a-7735-11ea-96da-000d3a38a36f
1827,e626cea6-a7ae-11e9-a2fc-000d3a38a36f
1828,e6375f16-9d39-11e9-9897-000d3a38a36f
1829,e6b182b8-b144-11e9-9757-000d3a38a36f
1830,e6d0ab3c-b137-11e9-9757-000d3a38a36f
1831,e7c20934-acbc-11e9-a2fc-000d3a38a36f
1832,e85cc54c-b1f7-11e9-89fa-000d3a38a36f
1833,e8c557b2-afe3-11e9-9757-000d3a38a36f
1834,e8ecddd2-bc67-11ea-aa61-000d3a38a36f
1835,e97b0d38-1481-11eb-8ffc-000d3a38a36f
1836,e97ceab8-a2d1-11e9-a2fc-000d3a38a36f
1837,ea1a55a6-ae5b-11e9-a2fc-000d3a38a36f
1838,ea3e53c2-5b42-11ea-9d4c-000d3a38a36f
1839,ea61eed4-ac9e-11e9-a2fc-000d3a38a36f
1840,ea7724f2-1fad-11ea-87bf-000d3a38a36f
1841,eab3b29e-fa6b-11e9-b138-000d3a38a36f
1842,eaff4df2-a59e-11e9-a2fc-000d3a38a36f
1843,eb319c72-a408-11e9-a2fc-000d3a38a36f
1844,ebb8a328-1fe8-11ea-87bf-000d3a38a36f
1845,ebbd650e-ab97-11e9-a2fc-000d3a38a36f
1846,ebbd8dfa-9e3a-11e9-9897-000d3a38a36f
1847,ec77d3d6-8a20-11ea-8ec0-000d3a38a36f
1848,ed3cd2dc-ac89-11e9-a2fc-000d3a38a36f
1849,ed927d4a-fb17-11e9-b138-000d3a38a36f
1850,ed95b3e0-af7f-11e9-a2fc-000d3a38a36f
1851,ee1d47ac-51d6-11ea-a243-000d3a38a36f
1852,eeb643c0-3021-11ea-bb28-000d3a38a36f
1853,ef49605e-ab7b-11e9-a2fc-000d3a38a36f
1854,ef69c890-ab07-11e9-a2fc-000d3a38a36f
1855,ef80c734-1c13-11ea-ac4f-000d3a38a36f
1856,efb2dd70-5ec9-11ea-be5b-000d3a38a36f
1857,efb916ac-a714-11ea-bd63-000d3a38a36f
1858,f004a8c2-abb8-11e9-a2fc-000d3a38a36f
1859,f0830e88-5b21-11ea-9e0f-000d3a38a36f
1860,f19c859e-b093-11e9-9757-000d3a38a36f
1861,f1b6167a-623c-11ea-9d1a-000d3a38a36f
1862,f1cf24ae-a508-11e9-a2fc-000d3a38a36f
1863,f2197d7a-af1b-11e9-a2fc-000d3a38a36f
1864,f22d3d96-4dc8-11ea-9655-000d3a38a36f
1865,f2706340-6a0b-11eb-b5d7-000d3a38a36f
1866,f2f9395a-afee-11e9-9757-000d3a38a36f
1867,f2fcb710-9e32-11e9-9897-000d3a38a36f
1868,f36da15a-183a-11ea-9213-000d3a38a36f
1869,f3867132-a5c9-11e9-a2fc-000d3a38a36f
1870,f3d34d04-28af-11ea-b87a-000d3a38a36f
1871,f48052d4-00a4-11ea-a5e8-000d3a38a36f
1872,f4bdd852-a5b4-11e9-a2fc-000d3a38a36f
1873,f57bdf8e-ab75-11e9-a2fc-000d3a38a36f
1874,f582dcc2-abab-11e9-a2fc-000d3a38a36f
1875,f59053e2-a503-11e9-a2fc-000d3a38a36f
1876,f611aeea-9f06-11e9-9897-000d3a38a36f
1877,f65f2ecc-5b3a-11ea-ab59-000d3a38a36f
1878,f69ed4c4-a9f5-11e9-a2fc-000d3a38a36f
1879,f713605c-a700-11e9-a2fc-000d3a38a36f
1880,f7b8490c-a113-11e9-a2fc-000d3a38a36f
1881,f82ff5de-ad1f-11e9-a2fc-000d3a38a36f
1882,f84151c8-ab88-11e9-a2fc-000d3a38a36f
1883,f877cafc-9f8d-11e9-a2fc-000d3a38a36f
1884,f91f4b9e-dd5b-11ea-9c1f-000d3a38a36f
1885,f931e0dc-b175-11e9-89fa-000d3a38a36f
1886,f99e537e-d68d-11e9-93bc-000d3a38a36f
1887,f9b6c764-a290-11e9-a2fc-000d3a38a36f
1888,fac65956-bd80-11ea-aa61-000d3a38a36f
1889,fac91f94-a24f-11e9-a2fc-000d3a38a36f
1890,faf4c3cc-ad41-11e9-a2fc-000d3a38a36f
1891,fb086190-533e-11ea-acd3-000d3a38a36f
1892,fb99522c-563b-11ea-b9b9-000d3a38a36f
1893,fc0ce7a4-9d87-11e9-9897-000d3a38a36f
1894,fc3616a4-7042-11ea-b40c-000d3a38a36f
1895,fc412e50-6b1e-11ea-9c62-000d3a38a36f
1896,fc534454-b35f-11e9-a043-000d3a38a36f
1897,fc561dfa-d6ff-11e9-93bc-000d3a38a36f
1898,fc755700-1f17-11ea-87bf-000d3a38a36f
1899,fcd71318-2760-11ea-aaaa-000d3a38a36f
1900,fd37faf6-1d7f-11ea-a490-000d3a38a36f
1901,fe2fa08e-60c4-11ea-8dd8-000d3a38a36f
1902,ff0e2222-a81a-11e9-a2fc-000d3a38a36f
1903,ff8b0dae-29f8-11ea-87cc-000d3a38a36f
1904,ff8cd532-544e-11ea-b1db-000d3a38a36f
1905,ffce3990-26be-11ea-aaaa-000d3a38a36f
